scale_factor,host_cap_gib,query,iteration,runtime_seconds,gpu_to_host_placements,gpu_to_host_logical_bytes,host_to_disk_placements,host_to_disk_logical_bytes,gpu_to_disk_placements,gpu_to_disk_logical_bytes,disk_placements,disk_logical_bytes,tasks_prepared_with_host_input,tasks_prepared_with_disk_input,distinct_host_batch_ids,distinct_disk_batch_ids,logical_bytes_distinct_disk_batches,tier,session,runtime_ratio_vs_196g,runtime_delta_vs_196g_seconds
1,196,1,1,0.085,0,0,0,0,0,0,0,0,0,0,0,0,0,GPU,01a0e87f-8cbf-76ae-b045-63c76c2be76d,1.0,0.0
1,196,1,2,0.016,0,0,0,0,0,0,0,0,0,0,0,0,0,GPU,01a0e87f-8cbf-76ae-b045-63c76c2be76d,1.0,0.0
1,196,2,1,0.059,0,0,0,0,0,0,0,0,0,0,0,0,0,GPU,01a0e87f-8cbf-76ae-b045-63c76c2be76d,1.0,0.0
1,196,2,2,0.043,0,0,0,0,0,0,0,0,0,0,0,0,0,GPU,01a0e87f-8cbf-76ae-b045-63c76c2be76d,1.0,0.0
1,196,3,1,0.024,0,0,0,0,0,0,0,0,0,0,0,0,0,GPU,01a0e87f-8cbf-76ae-b045-63c76c2be76d,1.0,0.0
1,196,3,2,0.023,0,0,0,0,0,0,0,0,0,0,0,0,0,GPU,01a0e87f-8cbf-76ae-b045-63c76c2be76d,1.0,0.0
1,196,4,1,0.03,0,0,0,0,0,0,0,0,0,0,0,0,0,GPU,01a0e87f-8cbf-76ae-b045-63c76c2be76d,1.0,0.0
1,196,4,2,0.017,0,0,0,0,0,0,0,0,0,0,0,0,0,GPU,01a0e87f-8cbf-76ae-b045-63c76c2be76d,1.0,0.0
1,196,5,1,0.036,0,0,0,0,0,0,0,0,0,0,0,0,0,GPU,01a0e87f-8cbf-76ae-b045-63c76c2be76d,1.0,0.0
1,196,5,2,0.03,0,0,0,0,0,0,0,0,0,0,0,0,0,GPU,01a0e87f-8cbf-76ae-b045-63c76c2be76d,1.0,0.0
1,196,6,1,0.016,0,0,0,0,0,0,0,0,0,0,0,0,0,GPU,01a0e87f-8cbf-76ae-b045-63c76c2be76d,1.0,0.0
1,196,6,2,0.01,0,0,0,0,0,0,0,0,0,0,0,0,0,GPU,01a0e87f-8cbf-76ae-b045-63c76c2be76d,1.0,0.0
1,196,7,1,0.042,0,0,0,0,0,0,0,0,0,0,0,0,0,GPU,01a0e87f-8cbf-76ae-b045-63c76c2be76d,1.0,0.0
1,196,7,2,0.036,0,0,0,0,0,0,0,0,0,0,0,0,0,GPU,01a0e87f-8cbf-76ae-b045-63c76c2be76d,1.0,0.0
1,196,8,1,0.045,0,0,0,0,0,0,0,0,0,0,0,0,0,GPU,01a0e87f-8cbf-76ae-b045-63c76c2be76d,1.0,0.0
1,196,8,2,0.039,0,0,0,0,0,0,0,0,0,0,0,0,0,GPU,01a0e87f-8cbf-76ae-b045-63c76c2be76d,1.0,0.0
1,196,9,1,0.036,0,0,0,0,0,0,0,0,0,0,0,0,0,GPU,01a0e87f-8cbf-76ae-b045-63c76c2be76d,1.0,0.0
1,196,9,2,0.035,0,0,0,0,0,0,0,0,0,0,0,0,0,GPU,01a0e87f-8cbf-76ae-b045-63c76c2be76d,1.0,0.0
1,196,10,1,0.041,0,0,0,0,0,0,0,0,0,0,0,0,0,GPU,01a0e87f-8cbf-76ae-b045-63c76c2be76d,1.0,0.0
1,196,10,2,0.037,0,0,0,0,0,0,0,0,0,0,0,0,0,GPU,01a0e87f-8cbf-76ae-b045-63c76c2be76d,1.0,0.0
1,196,11,1,0.024,0,0,0,0,0,0,0,0,0,0,0,0,0,GPU,01a0e87f-8cbf-76ae-b045-63c76c2be76d,1.0,0.0
1,196,11,2,0.018,0,0,0,0,0,0,0,0,0,0,0,0,0,GPU,01a0e87f-8cbf-76ae-b045-63c76c2be76d,1.0,0.0
1,196,12,1,0.019,0,0,0,0,0,0,0,0,0,0,0,0,0,GPU,01a0e87f-8cbf-76ae-b045-63c76c2be76d,1.0,0.0
1,196,12,2,0.018,0,0,0,0,0,0,0,0,0,0,0,0,0,GPU,01a0e87f-8cbf-76ae-b045-63c76c2be76d,1.0,0.0
1,196,13,1,0.018,0,0,0,0,0,0,0,0,0,0,0,0,0,GPU,01a0e87f-8cbf-76ae-b045-63c76c2be76d,1.0,0.0
1,196,13,2,0.016,0,0,0,0,0,0,0,0,0,0,0,0,0,GPU,01a0e87f-8cbf-76ae-b045-63c76c2be76d,1.0,0.0
1,196,14,1,0.018,0,0,0,0,0,0,0,0,0,0,0,0,0,GPU,01a0e87f-8cbf-76ae-b045-63c76c2be76d,1.0,0.0
1,196,14,2,0.015,0,0,0,0,0,0,0,0,0,0,0,0,0,GPU,01a0e87f-8cbf-76ae-b045-63c76c2be76d,1.0,0.0
1,196,15,1,0.022,0,0,0,0,0,0,0,0,0,0,0,0,0,GPU,01a0e87f-8cbf-76ae-b045-63c76c2be76d,1.0,0.0
1,196,15,2,0.02,0,0,0,0,0,0,0,0,0,0,0,0,0,GPU,01a0e87f-8cbf-76ae-b045-63c76c2be76d,1.0,0.0
1,196,16,1,0.051,0,0,0,0,0,0,0,0,0,0,0,0,0,GPU,01a0e87f-8cbf-76ae-b045-63c76c2be76d,1.0,0.0
1,196,16,2,0.027,0,0,0,0,0,0,0,0,0,0,0,0,0,GPU,01a0e87f-8cbf-76ae-b045-63c76c2be76d,1.0,0.0
1,196,17,1,0.023,0,0,0,0,0,0,0,0,0,0,0,0,0,GPU,01a0e87f-8cbf-76ae-b045-63c76c2be76d,1.0,0.0
1,196,17,2,0.024,0,0,0,0,0,0,0,0,0,0,0,0,0,GPU,01a0e87f-8cbf-76ae-b045-63c76c2be76d,1.0,0.0
1,196,18,1,0.027,0,0,0,0,0,0,0,0,0,0,0,0,0,GPU,01a0e87f-8cbf-76ae-b045-63c76c2be76d,1.0,0.0
1,196,18,2,0.026,0,0,0,0,0,0,0,0,0,0,0,0,0,GPU,01a0e87f-8cbf-76ae-b045-63c76c2be76d,1.0,0.0
1,196,19,1,0.023,0,0,0,0,0,0,0,0,0,0,0,0,0,GPU,01a0e87f-8cbf-76ae-b045-63c76c2be76d,1.0,0.0
1,196,19,2,0.024,0,0,0,0,0,0,0,0,0,0,0,0,0,GPU,01a0e87f-8cbf-76ae-b045-63c76c2be76d,1.0,0.0
1,196,20,1,0.032,0,0,0,0,0,0,0,0,0,0,0,0,0,GPU,01a0e87f-8cbf-76ae-b045-63c76c2be76d,1.0,0.0
1,196,20,2,0.032,0,0,0,0,0,0,0,0,0,0,0,0,0,GPU,01a0e87f-8cbf-76ae-b045-63c76c2be76d,1.0,0.0
1,196,21,1,0.046,0,0,0,0,0,0,0,0,0,0,0,0,0,GPU,01a0e87f-8cbf-76ae-b045-63c76c2be76d,1.0,0.0
1,196,21,2,0.042,0,0,0,0,0,0,0,0,0,0,0,0,0,GPU,01a0e87f-8cbf-76ae-b045-63c76c2be76d,1.0,0.0
1,196,22,1,0.022,0,0,0,0,0,0,0,0,0,0,0,0,0,GPU,01a0e87f-8cbf-76ae-b045-63c76c2be76d,1.0,0.0
1,196,22,2,0.019,0,0,0,0,0,0,0,0,0,0,0,0,0,GPU,01a0e87f-8cbf-76ae-b045-63c76c2be76d,1.0,0.0
1,8,1,1,0.085,0,0,0,0,0,0,0,0,0,0,0,0,0,GPU,01a0e885-c40d-7006-a032-2f281027668d,1.0,0.0
1,8,1,2,0.015,0,0,0,0,0,0,0,0,0,0,0,0,0,GPU,01a0e885-c40d-7006-a032-2f281027668d,0.9375,-0.0010000000000000009
1,8,2,1,0.059,0,0,0,0,0,0,0,0,0,0,0,0,0,GPU,01a0e885-c40d-7006-a032-2f281027668d,1.0,0.0
1,8,2,2,0.047,0,0,0,0,0,0,0,0,0,0,0,0,0,GPU,01a0e885-c40d-7006-a032-2f281027668d,1.0930232558139537,0.0040000000000000036
1,8,3,1,0.025,0,0,0,0,0,0,0,0,0,0,0,0,0,GPU,01a0e885-c40d-7006-a032-2f281027668d,1.0416666666666667,0.0010000000000000009
1,8,3,2,0.022,0,0,0,0,0,0,0,0,0,0,0,0,0,GPU,01a0e885-c40d-7006-a032-2f281027668d,0.9565217391304347,-0.0010000000000000009
1,8,4,1,0.03,0,0,0,0,0,0,0,0,0,0,0,0,0,GPU,01a0e885-c40d-7006-a032-2f281027668d,1.0,0.0
1,8,4,2,0.016,0,0,0,0,0,0,0,0,0,0,0,0,0,GPU,01a0e885-c40d-7006-a032-2f281027668d,0.9411764705882353,-0.0010000000000000009
1,8,5,1,0.036,0,0,0,0,0,0,0,0,0,0,0,0,0,GPU,01a0e885-c40d-7006-a032-2f281027668d,1.0,0.0
1,8,5,2,0.031,0,0,0,0,0,0,0,0,0,0,0,0,0,GPU,01a0e885-c40d-7006-a032-2f281027668d,1.0333333333333334,0.0010000000000000009
1,8,6,1,0.017,0,0,0,0,0,0,0,0,0,0,0,0,0,GPU,01a0e885-c40d-7006-a032-2f281027668d,1.0625,0.0010000000000000009
1,8,6,2,0.011,0,0,0,0,0,0,0,0,0,0,0,0,0,GPU,01a0e885-c40d-7006-a032-2f281027668d,1.0999999999999999,0.0009999999999999992
1,8,7,1,0.043,0,0,0,0,0,0,0,0,0,0,0,0,0,GPU,01a0e885-c40d-7006-a032-2f281027668d,1.0238095238095237,0.000999999999999994
1,8,7,2,0.036,0,0,0,0,0,0,0,0,0,0,0,0,0,GPU,01a0e885-c40d-7006-a032-2f281027668d,1.0,0.0
1,8,8,1,0.045,0,0,0,0,0,0,0,0,0,0,0,0,0,GPU,01a0e885-c40d-7006-a032-2f281027668d,1.0,0.0
1,8,8,2,0.04,0,0,0,0,0,0,0,0,0,0,0,0,0,GPU,01a0e885-c40d-7006-a032-2f281027668d,1.0256410256410258,0.0010000000000000009
1,8,9,1,0.037,0,0,0,0,0,0,0,0,0,0,0,0,0,GPU,01a0e885-c40d-7006-a032-2f281027668d,1.027777777777778,0.0010000000000000009
1,8,9,2,0.035,0,0,0,0,0,0,0,0,0,0,0,0,0,GPU,01a0e885-c40d-7006-a032-2f281027668d,1.0,0.0
1,8,10,1,0.042,0,0,0,0,0,0,0,0,0,0,0,0,0,GPU,01a0e885-c40d-7006-a032-2f281027668d,1.024390243902439,0.0010000000000000009
1,8,10,2,0.04,0,0,0,0,0,0,0,0,0,0,0,0,0,GPU,01a0e885-c40d-7006-a032-2f281027668d,1.0810810810810811,0.0030000000000000027
1,8,11,1,0.024,0,0,0,0,0,0,0,0,0,0,0,0,0,GPU,01a0e885-c40d-7006-a032-2f281027668d,1.0,0.0
1,8,11,2,0.017,0,0,0,0,0,0,0,0,0,0,0,0,0,GPU,01a0e885-c40d-7006-a032-2f281027668d,0.9444444444444445,-0.0009999999999999974
1,8,12,1,0.019,0,0,0,0,0,0,0,0,0,0,0,0,0,GPU,01a0e885-c40d-7006-a032-2f281027668d,1.0,0.0
1,8,12,2,0.018,0,0,0,0,0,0,0,0,0,0,0,0,0,GPU,01a0e885-c40d-7006-a032-2f281027668d,1.0,0.0
1,8,13,1,0.017,0,0,0,0,0,0,0,0,0,0,0,0,0,GPU,01a0e885-c40d-7006-a032-2f281027668d,0.9444444444444445,-0.0009999999999999974
1,8,13,2,0.016,0,0,0,0,0,0,0,0,0,0,0,0,0,GPU,01a0e885-c40d-7006-a032-2f281027668d,1.0,0.0
1,8,14,1,0.019,0,0,0,0,0,0,0,0,0,0,0,0,0,GPU,01a0e885-c40d-7006-a032-2f281027668d,1.0555555555555556,0.0010000000000000009
1,8,14,2,0.016,0,0,0,0,0,0,0,0,0,0,0,0,0,GPU,01a0e885-c40d-7006-a032-2f281027668d,1.0666666666666667,0.0010000000000000009
1,8,15,1,0.022,0,0,0,0,0,0,0,0,0,0,0,0,0,GPU,01a0e885-c40d-7006-a032-2f281027668d,1.0,0.0
1,8,15,2,0.02,0,0,0,0,0,0,0,0,0,0,0,0,0,GPU,01a0e885-c40d-7006-a032-2f281027668d,1.0,0.0
1,8,16,1,0.051,0,0,0,0,0,0,0,0,0,0,0,0,0,GPU,01a0e885-c40d-7006-a032-2f281027668d,1.0,0.0
1,8,16,2,0.027,0,0,0,0,0,0,0,0,0,0,0,0,0,GPU,01a0e885-c40d-7006-a032-2f281027668d,1.0,0.0
1,8,17,1,0.023,0,0,0,0,0,0,0,0,0,0,0,0,0,GPU,01a0e885-c40d-7006-a032-2f281027668d,1.0,0.0
1,8,17,2,0.024,0,0,0,0,0,0,0,0,0,0,0,0,0,GPU,01a0e885-c40d-7006-a032-2f281027668d,1.0,0.0
1,8,18,1,0.027,0,0,0,0,0,0,0,0,0,0,0,0,0,GPU,01a0e885-c40d-7006-a032-2f281027668d,1.0,0.0
1,8,18,2,0.026,0,0,0,0,0,0,0,0,0,0,0,0,0,GPU,01a0e885-c40d-7006-a032-2f281027668d,1.0,0.0
1,8,19,1,0.023,0,0,0,0,0,0,0,0,0,0,0,0,0,GPU,01a0e885-c40d-7006-a032-2f281027668d,1.0,0.0
1,8,19,2,0.023,0,0,0,0,0,0,0,0,0,0,0,0,0,GPU,01a0e885-c40d-7006-a032-2f281027668d,0.9583333333333333,-0.0010000000000000009
1,8,20,1,0.032,0,0,0,0,0,0,0,0,0,0,0,0,0,GPU,01a0e885-c40d-7006-a032-2f281027668d,1.0,0.0
1,8,20,2,0.032,0,0,0,0,0,0,0,0,0,0,0,0,0,GPU,01a0e885-c40d-7006-a032-2f281027668d,1.0,0.0
1,8,21,1,0.045,0,0,0,0,0,0,0,0,0,0,0,0,0,GPU,01a0e885-c40d-7006-a032-2f281027668d,0.9782608695652174,-0.0010000000000000009
1,8,21,2,0.042,0,0,0,0,0,0,0,0,0,0,0,0,0,GPU,01a0e885-c40d-7006-a032-2f281027668d,1.0,0.0
1,8,22,1,0.022,0,0,0,0,0,0,0,0,0,0,0,0,0,GPU,01a0e885-c40d-7006-a032-2f281027668d,1.0,0.0
1,8,22,2,0.018,0,0,0,0,0,0,0,0,0,0,0,0,0,GPU,01a0e885-c40d-7006-a032-2f281027668d,0.9473684210526315,-0.0010000000000000009
1,1,1,1,0.085,0,0,0,0,0,0,0,0,0,0,0,0,0,GPU,01a0e88e-0884-7404-b50e-8adefce3c337,1.0,0.0
1,1,1,2,0.015,0,0,0,0,0,0,0,0,0,0,0,0,0,GPU,01a0e88e-0884-7404-b50e-8adefce3c337,0.9375,-0.0010000000000000009
1,1,2,1,0.058,0,0,0,0,0,0,0,0,0,0,0,0,0,GPU,01a0e88e-0884-7404-b50e-8adefce3c337,0.9830508474576273,-0.000999999999999994
1,1,2,2,0.046,0,0,0,0,0,0,0,0,0,0,0,0,0,GPU,01a0e88e-0884-7404-b50e-8adefce3c337,1.0697674418604652,0.0030000000000000027
1,1,3,1,0.026,0,0,0,0,0,0,0,0,0,0,0,0,0,GPU,01a0e88e-0884-7404-b50e-8adefce3c337,1.0833333333333333,0.0019999999999999983
1,1,3,2,0.022,0,0,0,0,0,0,0,0,0,0,0,0,0,GPU,01a0e88e-0884-7404-b50e-8adefce3c337,0.9565217391304347,-0.0010000000000000009
1,1,4,1,0.029,0,0,0,0,0,0,0,0,0,0,0,0,0,GPU,01a0e88e-0884-7404-b50e-8adefce3c337,0.9666666666666668,-0.0009999999999999974
1,1,4,2,0.018,0,0,0,0,0,0,0,0,0,0,0,0,0,GPU,01a0e88e-0884-7404-b50e-8adefce3c337,1.0588235294117645,0.0009999999999999974
1,1,5,1,0.035,0,0,0,0,0,0,0,0,0,0,0,0,0,GPU,01a0e88e-0884-7404-b50e-8adefce3c337,0.9722222222222224,-0.000999999999999994
1,1,5,2,0.03,0,0,0,0,0,0,0,0,0,0,0,0,0,GPU,01a0e88e-0884-7404-b50e-8adefce3c337,1.0,0.0
1,1,6,1,0.016,0,0,0,0,0,0,0,0,0,0,0,0,0,GPU,01a0e88e-0884-7404-b50e-8adefce3c337,1.0,0.0
1,1,6,2,0.011,0,0,0,0,0,0,0,0,0,0,0,0,0,GPU,01a0e88e-0884-7404-b50e-8adefce3c337,1.0999999999999999,0.0009999999999999992
1,1,7,1,0.043,0,0,0,0,0,0,0,0,0,0,0,0,0,GPU,01a0e88e-0884-7404-b50e-8adefce3c337,1.0238095238095237,0.000999999999999994
1,1,7,2,0.035,0,0,0,0,0,0,0,0,0,0,0,0,0,GPU,01a0e88e-0884-7404-b50e-8adefce3c337,0.9722222222222224,-0.000999999999999994
1,1,8,1,0.045,0,0,0,0,0,0,0,0,0,0,0,0,0,GPU,01a0e88e-0884-7404-b50e-8adefce3c337,1.0,0.0
1,1,8,2,0.04,0,0,0,0,0,0,0,0,0,0,0,0,0,GPU,01a0e88e-0884-7404-b50e-8adefce3c337,1.0256410256410258,0.0010000000000000009
1,1,9,1,0.037,0,0,0,0,0,0,0,0,0,0,0,0,0,GPU,01a0e88e-0884-7404-b50e-8adefce3c337,1.027777777777778,0.0010000000000000009
1,1,9,2,0.034,0,0,0,0,0,0,0,0,0,0,0,0,0,GPU,01a0e88e-0884-7404-b50e-8adefce3c337,0.9714285714285714,-0.0010000000000000009
1,1,10,1,0.041,0,0,0,0,0,0,0,0,0,0,0,0,0,GPU,01a0e88e-0884-7404-b50e-8adefce3c337,1.0,0.0
1,1,10,2,0.037,0,0,0,0,0,0,0,0,0,0,0,0,0,GPU,01a0e88e-0884-7404-b50e-8adefce3c337,1.0,0.0
1,1,11,1,0.024,0,0,0,0,0,0,0,0,0,0,0,0,0,GPU,01a0e88e-0884-7404-b50e-8adefce3c337,1.0,0.0
1,1,11,2,0.017,0,0,0,0,0,0,0,0,0,0,0,0,0,GPU,01a0e88e-0884-7404-b50e-8adefce3c337,0.9444444444444445,-0.0009999999999999974
1,1,12,1,0.019,0,0,0,0,0,0,0,0,0,0,0,0,0,GPU,01a0e88e-0884-7404-b50e-8adefce3c337,1.0,0.0
1,1,12,2,0.018,0,0,0,0,0,0,0,0,0,0,0,0,0,GPU,01a0e88e-0884-7404-b50e-8adefce3c337,1.0,0.0
1,1,13,1,0.018,0,0,0,0,0,0,0,0,0,0,0,0,0,GPU,01a0e88e-0884-7404-b50e-8adefce3c337,1.0,0.0
1,1,13,2,0.016,0,0,0,0,0,0,0,0,0,0,0,0,0,GPU,01a0e88e-0884-7404-b50e-8adefce3c337,1.0,0.0
1,1,14,1,0.019,0,0,0,0,0,0,0,0,0,0,0,0,0,GPU,01a0e88e-0884-7404-b50e-8adefce3c337,1.0555555555555556,0.0010000000000000009
1,1,14,2,0.016,0,0,0,0,0,0,0,0,0,0,0,0,0,GPU,01a0e88e-0884-7404-b50e-8adefce3c337,1.0666666666666667,0.0010000000000000009
1,1,15,1,0.022,0,0,0,0,0,0,0,0,0,0,0,0,0,GPU,01a0e88e-0884-7404-b50e-8adefce3c337,1.0,0.0
1,1,15,2,0.019,0,0,0,0,0,0,0,0,0,0,0,0,0,GPU,01a0e88e-0884-7404-b50e-8adefce3c337,0.95,-0.0010000000000000009
1,1,16,1,0.051,0,0,0,0,0,0,0,0,0,0,0,0,0,GPU,01a0e88e-0884-7404-b50e-8adefce3c337,1.0,0.0
1,1,16,2,0.027,0,0,0,0,0,0,0,0,0,0,0,0,0,GPU,01a0e88e-0884-7404-b50e-8adefce3c337,1.0,0.0
1,1,17,1,0.023,0,0,0,0,0,0,0,0,0,0,0,0,0,GPU,01a0e88e-0884-7404-b50e-8adefce3c337,1.0,0.0
1,1,17,2,0.024,0,0,0,0,0,0,0,0,0,0,0,0,0,GPU,01a0e88e-0884-7404-b50e-8adefce3c337,1.0,0.0
1,1,18,1,0.028,0,0,0,0,0,0,0,0,0,0,0,0,0,GPU,01a0e88e-0884-7404-b50e-8adefce3c337,1.037037037037037,0.0010000000000000009
1,1,18,2,0.026,0,0,0,0,0,0,0,0,0,0,0,0,0,GPU,01a0e88e-0884-7404-b50e-8adefce3c337,1.0,0.0
1,1,19,1,0.023,0,0,0,0,0,0,0,0,0,0,0,0,0,GPU,01a0e88e-0884-7404-b50e-8adefce3c337,1.0,0.0
1,1,19,2,0.024,0,0,0,0,0,0,0,0,0,0,0,0,0,GPU,01a0e88e-0884-7404-b50e-8adefce3c337,1.0,0.0
1,1,20,1,0.033,0,0,0,0,0,0,0,0,0,0,0,0,0,GPU,01a0e88e-0884-7404-b50e-8adefce3c337,1.03125,0.0010000000000000009
1,1,20,2,0.032,0,0,0,0,0,0,0,0,0,0,0,0,0,GPU,01a0e88e-0884-7404-b50e-8adefce3c337,1.0,0.0
1,1,21,1,0.047,0,0,0,0,0,0,0,0,0,0,0,0,0,GPU,01a0e88e-0884-7404-b50e-8adefce3c337,1.0217391304347827,0.0010000000000000009
1,1,21,2,0.042,0,0,0,0,0,0,0,0,0,0,0,0,0,GPU,01a0e88e-0884-7404-b50e-8adefce3c337,1.0,0.0
1,1,22,1,0.022,0,0,0,0,0,0,0,0,0,0,0,0,0,GPU,01a0e88e-0884-7404-b50e-8adefce3c337,1.0,0.0
1,1,22,2,0.019,0,0,0,0,0,0,0,0,0,0,0,0,0,GPU,01a0e88e-0884-7404-b50e-8adefce3c337,1.0,0.0
10,196,1,1,0.11,0,0,0,0,0,0,0,0,0,0,0,0,0,GPU,01a0e87f-9522-7484-9c88-0e393beff79b,1.0,0.0
10,196,1,2,0.062,0,0,0,0,0,0,0,0,0,0,0,0,0,GPU,01a0e87f-9522-7484-9c88-0e393beff79b,1.0,0.0
10,196,2,1,0.067,0,0,0,0,0,0,0,0,0,0,0,0,0,GPU,01a0e87f-9522-7484-9c88-0e393beff79b,1.0,0.0
10,196,2,2,0.052,0,0,0,0,0,0,0,0,0,0,0,0,0,GPU,01a0e87f-9522-7484-9c88-0e393beff79b,1.0,0.0
10,196,3,1,0.057,0,0,0,0,0,0,0,0,0,0,0,0,0,GPU,01a0e87f-9522-7484-9c88-0e393beff79b,1.0,0.0
10,196,3,2,0.053,0,0,0,0,0,0,0,0,0,0,0,0,0,GPU,01a0e87f-9522-7484-9c88-0e393beff79b,1.0,0.0
10,196,4,1,0.05,0,0,0,0,0,0,0,0,0,0,0,0,0,GPU,01a0e87f-9522-7484-9c88-0e393beff79b,1.0,0.0
10,196,4,2,0.036,0,0,0,0,0,0,0,0,0,0,0,0,0,GPU,01a0e87f-9522-7484-9c88-0e393beff79b,1.0,0.0
10,196,5,1,0.07,0,0,0,0,0,0,0,0,0,0,0,0,0,GPU,01a0e87f-9522-7484-9c88-0e393beff79b,1.0,0.0
10,196,5,2,0.065,0,0,0,0,0,0,0,0,0,0,0,0,0,GPU,01a0e87f-9522-7484-9c88-0e393beff79b,1.0,0.0
10,196,6,1,0.041,0,0,0,0,0,0,0,0,0,0,0,0,0,GPU,01a0e87f-9522-7484-9c88-0e393beff79b,1.0,0.0
10,196,6,2,0.037,0,0,0,0,0,0,0,0,0,0,0,0,0,GPU,01a0e87f-9522-7484-9c88-0e393beff79b,1.0,0.0
10,196,7,1,0.077,0,0,0,0,0,0,0,0,0,0,0,0,0,GPU,01a0e87f-9522-7484-9c88-0e393beff79b,1.0,0.0
10,196,7,2,0.073,0,0,0,0,0,0,0,0,0,0,0,0,0,GPU,01a0e87f-9522-7484-9c88-0e393beff79b,1.0,0.0
10,196,8,1,0.09,0,0,0,0,0,0,0,0,0,0,0,0,0,GPU,01a0e87f-9522-7484-9c88-0e393beff79b,1.0,0.0
10,196,8,2,0.083,0,0,0,0,0,0,0,0,0,0,0,0,0,GPU,01a0e87f-9522-7484-9c88-0e393beff79b,1.0,0.0
10,196,9,1,0.083,0,0,0,0,0,0,0,0,0,0,0,0,0,GPU,01a0e87f-9522-7484-9c88-0e393beff79b,1.0,0.0
10,196,9,2,0.086,0,0,0,0,0,0,0,0,0,0,0,0,0,GPU,01a0e87f-9522-7484-9c88-0e393beff79b,1.0,0.0
10,196,10,1,0.076,0,0,0,0,0,0,0,0,0,0,0,0,0,GPU,01a0e87f-9522-7484-9c88-0e393beff79b,1.0,0.0
10,196,10,2,0.075,0,0,0,0,0,0,0,0,0,0,0,0,0,GPU,01a0e87f-9522-7484-9c88-0e393beff79b,1.0,0.0
10,196,11,1,0.03,0,0,0,0,0,0,0,0,0,0,0,0,0,GPU,01a0e87f-9522-7484-9c88-0e393beff79b,1.0,0.0
10,196,11,2,0.023,0,0,0,0,0,0,0,0,0,0,0,0,0,GPU,01a0e87f-9522-7484-9c88-0e393beff79b,1.0,0.0
10,196,12,1,0.049,0,0,0,0,0,0,0,0,0,0,0,0,0,GPU,01a0e87f-9522-7484-9c88-0e393beff79b,1.0,0.0
10,196,12,2,0.048,0,0,0,0,0,0,0,0,0,0,0,0,0,GPU,01a0e87f-9522-7484-9c88-0e393beff79b,1.0,0.0
10,196,13,1,0.04,0,0,0,0,0,0,0,0,0,0,0,0,0,GPU,01a0e87f-9522-7484-9c88-0e393beff79b,1.0,0.0
10,196,13,2,0.035,0,0,0,0,0,0,0,0,0,0,0,0,0,GPU,01a0e87f-9522-7484-9c88-0e393beff79b,1.0,0.0
10,196,14,1,0.049,0,0,0,0,0,0,0,0,0,0,0,0,0,GPU,01a0e87f-9522-7484-9c88-0e393beff79b,1.0,0.0
10,196,14,2,0.047,0,0,0,0,0,0,0,0,0,0,0,0,0,GPU,01a0e87f-9522-7484-9c88-0e393beff79b,1.0,0.0
10,196,15,1,0.053,0,0,0,0,0,0,0,0,0,0,0,0,0,GPU,01a0e87f-9522-7484-9c88-0e393beff79b,1.0,0.0
10,196,15,2,0.051,0,0,0,0,0,0,0,0,0,0,0,0,0,GPU,01a0e87f-9522-7484-9c88-0e393beff79b,1.0,0.0
10,196,16,1,0.056,0,0,0,0,0,0,0,0,0,0,0,0,0,GPU,01a0e87f-9522-7484-9c88-0e393beff79b,1.0,0.0
10,196,16,2,0.035,0,0,0,0,0,0,0,0,0,0,0,0,0,GPU,01a0e87f-9522-7484-9c88-0e393beff79b,1.0,0.0
10,196,17,1,0.068,0,0,0,0,0,0,0,0,0,0,0,0,0,GPU,01a0e87f-9522-7484-9c88-0e393beff79b,1.0,0.0
10,196,17,2,0.067,0,0,0,0,0,0,0,0,0,0,0,0,0,GPU,01a0e87f-9522-7484-9c88-0e393beff79b,1.0,0.0
10,196,18,1,0.066,0,0,0,0,0,0,0,0,0,0,0,0,0,GPU,01a0e87f-9522-7484-9c88-0e393beff79b,1.0,0.0
10,196,18,2,0.065,0,0,0,0,0,0,0,0,0,0,0,0,0,GPU,01a0e87f-9522-7484-9c88-0e393beff79b,1.0,0.0
10,196,19,1,0.061,0,0,0,0,0,0,0,0,0,0,0,0,0,GPU,01a0e87f-9522-7484-9c88-0e393beff79b,1.0,0.0
10,196,19,2,0.058,0,0,0,0,0,0,0,0,0,0,0,0,0,GPU,01a0e87f-9522-7484-9c88-0e393beff79b,1.0,0.0
10,196,20,1,0.069,0,0,0,0,0,0,0,0,0,0,0,0,0,GPU,01a0e87f-9522-7484-9c88-0e393beff79b,1.0,0.0
10,196,20,2,0.069,0,0,0,0,0,0,0,0,0,0,0,0,0,GPU,01a0e87f-9522-7484-9c88-0e393beff79b,1.0,0.0
10,196,21,1,0.113,0,0,0,0,0,0,0,0,0,0,0,0,0,GPU,01a0e87f-9522-7484-9c88-0e393beff79b,1.0,0.0
10,196,21,2,0.11,0,0,0,0,0,0,0,0,0,0,0,0,0,GPU,01a0e87f-9522-7484-9c88-0e393beff79b,1.0,0.0
10,196,22,1,0.034,0,0,0,0,0,0,0,0,0,0,0,0,0,GPU,01a0e87f-9522-7484-9c88-0e393beff79b,1.0,0.0
10,196,22,2,0.031,0,0,0,0,0,0,0,0,0,0,0,0,0,GPU,01a0e87f-9522-7484-9c88-0e393beff79b,1.0,0.0
10,8,1,1,0.11,0,0,0,0,0,0,0,0,0,0,0,0,0,GPU,01a0e885-cc70-761a-afed-9b02fb641312,1.0,0.0
10,8,1,2,0.058,0,0,0,0,0,0,0,0,0,0,0,0,0,GPU,01a0e885-cc70-761a-afed-9b02fb641312,0.935483870967742,-0.003999999999999997
10,8,2,1,0.069,0,0,0,0,0,0,0,0,0,0,0,0,0,GPU,01a0e885-cc70-761a-afed-9b02fb641312,1.0298507462686568,0.0020000000000000018
10,8,2,2,0.053,0,0,0,0,0,0,0,0,0,0,0,0,0,GPU,01a0e885-cc70-761a-afed-9b02fb641312,1.0192307692307692,0.0010000000000000009
10,8,3,1,0.059,0,0,0,0,0,0,0,0,0,0,0,0,0,GPU,01a0e885-cc70-761a-afed-9b02fb641312,1.0350877192982455,0.001999999999999995
10,8,3,2,0.054,0,0,0,0,0,0,0,0,0,0,0,0,0,GPU,01a0e885-cc70-761a-afed-9b02fb641312,1.0188679245283019,0.0010000000000000009
10,8,4,1,0.049,0,0,0,0,0,0,0,0,0,0,0,0,0,GPU,01a0e885-cc70-761a-afed-9b02fb641312,0.98,-0.0010000000000000009
10,8,4,2,0.036,0,0,0,0,0,0,0,0,0,0,0,0,0,GPU,01a0e885-cc70-761a-afed-9b02fb641312,1.0,0.0
10,8,5,1,0.069,0,0,0,0,0,0,0,0,0,0,0,0,0,GPU,01a0e885-cc70-761a-afed-9b02fb641312,0.9857142857142857,-0.0010000000000000009
10,8,5,2,0.064,0,0,0,0,0,0,0,0,0,0,0,0,0,GPU,01a0e885-cc70-761a-afed-9b02fb641312,0.9846153846153846,-0.0010000000000000009
10,8,6,1,0.042,0,0,0,0,0,0,0,0,0,0,0,0,0,GPU,01a0e885-cc70-761a-afed-9b02fb641312,1.024390243902439,0.0010000000000000009
10,8,6,2,0.036,0,0,0,0,0,0,0,0,0,0,0,0,0,GPU,01a0e885-cc70-761a-afed-9b02fb641312,0.9729729729729729,-0.0010000000000000009
10,8,7,1,0.076,0,0,0,0,0,0,0,0,0,0,0,0,0,GPU,01a0e885-cc70-761a-afed-9b02fb641312,0.987012987012987,-0.0010000000000000009
10,8,7,2,0.073,0,0,0,0,0,0,0,0,0,0,0,0,0,GPU,01a0e885-cc70-761a-afed-9b02fb641312,1.0,0.0
10,8,8,1,0.09,0,0,0,0,0,0,0,0,0,0,0,0,0,GPU,01a0e885-cc70-761a-afed-9b02fb641312,1.0,0.0
10,8,8,2,0.083,0,0,0,0,0,0,0,0,0,0,0,0,0,GPU,01a0e885-cc70-761a-afed-9b02fb641312,1.0,0.0
10,8,9,1,0.083,0,0,0,0,0,0,0,0,0,0,0,0,0,GPU,01a0e885-cc70-761a-afed-9b02fb641312,1.0,0.0
10,8,9,2,0.085,0,0,0,0,0,0,0,0,0,0,0,0,0,GPU,01a0e885-cc70-761a-afed-9b02fb641312,0.988372093023256,-0.000999999999999987
10,8,10,1,0.078,0,0,0,0,0,0,0,0,0,0,0,0,0,GPU,01a0e885-cc70-761a-afed-9b02fb641312,1.0263157894736843,0.0020000000000000018
10,8,10,2,0.076,0,0,0,0,0,0,0,0,0,0,0,0,0,GPU,01a0e885-cc70-761a-afed-9b02fb641312,1.0133333333333334,0.0010000000000000009
10,8,11,1,0.032,0,0,0,0,0,0,0,0,0,0,0,0,0,GPU,01a0e885-cc70-761a-afed-9b02fb641312,1.0666666666666667,0.0020000000000000018
10,8,11,2,0.026,0,0,0,0,0,0,0,0,0,0,0,0,0,GPU,01a0e885-cc70-761a-afed-9b02fb641312,1.1304347826086956,0.002999999999999999
10,8,12,1,0.049,0,0,0,0,0,0,0,0,0,0,0,0,0,GPU,01a0e885-cc70-761a-afed-9b02fb641312,1.0,0.0
10,8,12,2,0.048,0,0,0,0,0,0,0,0,0,0,0,0,0,GPU,01a0e885-cc70-761a-afed-9b02fb641312,1.0,0.0
10,8,13,1,0.039,0,0,0,0,0,0,0,0,0,0,0,0,0,GPU,01a0e885-cc70-761a-afed-9b02fb641312,0.975,-0.0010000000000000009
10,8,13,2,0.035,0,0,0,0,0,0,0,0,0,0,0,0,0,GPU,01a0e885-cc70-761a-afed-9b02fb641312,1.0,0.0
10,8,14,1,0.047,0,0,0,0,0,0,0,0,0,0,0,0,0,GPU,01a0e885-cc70-761a-afed-9b02fb641312,0.9591836734693877,-0.0020000000000000018
10,8,14,2,0.047,0,0,0,0,0,0,0,0,0,0,0,0,0,GPU,01a0e885-cc70-761a-afed-9b02fb641312,1.0,0.0
10,8,15,1,0.054,0,0,0,0,0,0,0,0,0,0,0,0,0,GPU,01a0e885-cc70-761a-afed-9b02fb641312,1.0188679245283019,0.0010000000000000009
10,8,15,2,0.05,0,0,0,0,0,0,0,0,0,0,0,0,0,GPU,01a0e885-cc70-761a-afed-9b02fb641312,0.9803921568627452,-0.000999999999999994
10,8,16,1,0.056,0,0,0,0,0,0,0,0,0,0,0,0,0,GPU,01a0e885-cc70-761a-afed-9b02fb641312,1.0,0.0
10,8,16,2,0.036,0,0,0,0,0,0,0,0,0,0,0,0,0,GPU,01a0e885-cc70-761a-afed-9b02fb641312,1.0285714285714285,0.000999999999999994
10,8,17,1,0.066,0,0,0,0,0,0,0,0,0,0,0,0,0,GPU,01a0e885-cc70-761a-afed-9b02fb641312,0.9705882352941176,-0.0020000000000000018
10,8,17,2,0.068,0,0,0,0,0,0,0,0,0,0,0,0,0,GPU,01a0e885-cc70-761a-afed-9b02fb641312,1.0149253731343284,0.0010000000000000009
10,8,18,1,0.065,0,0,0,0,0,0,0,0,0,0,0,0,0,GPU,01a0e885-cc70-761a-afed-9b02fb641312,0.9848484848484849,-0.0010000000000000009
10,8,18,2,0.065,0,0,0,0,0,0,0,0,0,0,0,0,0,GPU,01a0e885-cc70-761a-afed-9b02fb641312,1.0,0.0
10,8,19,1,0.06,0,0,0,0,0,0,0,0,0,0,0,0,0,GPU,01a0e885-cc70-761a-afed-9b02fb641312,0.9836065573770492,-0.0010000000000000009
10,8,19,2,0.061,0,0,0,0,0,0,0,0,0,0,0,0,0,GPU,01a0e885-cc70-761a-afed-9b02fb641312,1.0517241379310345,0.0029999999999999957
10,8,20,1,0.069,0,0,0,0,0,0,0,0,0,0,0,0,0,GPU,01a0e885-cc70-761a-afed-9b02fb641312,1.0,0.0
10,8,20,2,0.069,0,0,0,0,0,0,0,0,0,0,0,0,0,GPU,01a0e885-cc70-761a-afed-9b02fb641312,1.0,0.0
10,8,21,1,0.113,0,0,0,0,0,0,0,0,0,0,0,0,0,GPU,01a0e885-cc70-761a-afed-9b02fb641312,1.0,0.0
10,8,21,2,0.109,0,0,0,0,0,0,0,0,0,0,0,0,0,GPU,01a0e885-cc70-761a-afed-9b02fb641312,0.9909090909090909,-0.0010000000000000009
10,8,22,1,0.03,0,0,0,0,0,0,0,0,0,0,0,0,0,GPU,01a0e885-cc70-761a-afed-9b02fb641312,0.8823529411764705,-0.0040000000000000036
10,8,22,2,0.027,0,0,0,0,0,0,0,0,0,0,0,0,0,GPU,01a0e885-cc70-761a-afed-9b02fb641312,0.8709677419354839,-0.004
10,1,1,1,0.093,0,0,0,0,0,0,0,0,0,0,0,0,0,GPU,01a0e88e-10ec-7214-ae84-d7d5f506eb7f,0.8454545454545455,-0.017
10,1,1,2,0.061,0,0,0,0,0,0,0,0,0,0,0,0,0,GPU,01a0e88e-10ec-7214-ae84-d7d5f506eb7f,0.9838709677419355,-0.0010000000000000009
10,1,2,1,0.073,0,0,0,0,0,0,0,0,0,0,0,0,0,GPU,01a0e88e-10ec-7214-ae84-d7d5f506eb7f,1.08955223880597,0.0059999999999999915
10,1,2,2,0.054,0,0,0,0,0,0,0,0,0,0,0,0,0,GPU,01a0e88e-10ec-7214-ae84-d7d5f506eb7f,1.0384615384615385,0.0020000000000000018
10,1,3,1,0.057,0,0,0,0,0,0,0,0,0,0,0,0,0,GPU,01a0e88e-10ec-7214-ae84-d7d5f506eb7f,1.0,0.0
10,1,3,2,0.053,0,0,0,0,0,0,0,0,0,0,0,0,0,GPU,01a0e88e-10ec-7214-ae84-d7d5f506eb7f,1.0,0.0
10,1,4,1,0.05,0,0,0,0,0,0,0,0,0,0,0,0,0,GPU,01a0e88e-10ec-7214-ae84-d7d5f506eb7f,1.0,0.0
10,1,4,2,0.036,0,0,0,0,0,0,0,0,0,0,0,0,0,GPU,01a0e88e-10ec-7214-ae84-d7d5f506eb7f,1.0,0.0
10,1,5,1,0.068,0,0,0,0,0,0,0,0,0,0,0,0,0,GPU,01a0e88e-10ec-7214-ae84-d7d5f506eb7f,0.9714285714285714,-0.0020000000000000018
10,1,5,2,0.064,0,0,0,0,0,0,0,0,0,0,0,0,0,GPU,01a0e88e-10ec-7214-ae84-d7d5f506eb7f,0.9846153846153846,-0.0010000000000000009
10,1,6,1,0.041,0,0,0,0,0,0,0,0,0,0,0,0,0,GPU,01a0e88e-10ec-7214-ae84-d7d5f506eb7f,1.0,0.0
10,1,6,2,0.037,0,0,0,0,0,0,0,0,0,0,0,0,0,GPU,01a0e88e-10ec-7214-ae84-d7d5f506eb7f,1.0,0.0
10,1,7,1,0.078,0,0,0,0,0,0,0,0,0,0,0,0,0,GPU,01a0e88e-10ec-7214-ae84-d7d5f506eb7f,1.012987012987013,0.0010000000000000009
10,1,7,2,0.073,0,0,0,0,0,0,0,0,0,0,0,0,0,GPU,01a0e88e-10ec-7214-ae84-d7d5f506eb7f,1.0,0.0
10,1,8,1,0.09,0,0,0,0,0,0,0,0,0,0,0,0,0,GPU,01a0e88e-10ec-7214-ae84-d7d5f506eb7f,1.0,0.0
10,1,8,2,0.082,0,0,0,0,0,0,0,0,0,0,0,0,0,GPU,01a0e88e-10ec-7214-ae84-d7d5f506eb7f,0.9879518072289156,-0.0010000000000000009
10,1,9,1,0.084,0,0,0,0,0,0,0,0,0,0,0,0,0,GPU,01a0e88e-10ec-7214-ae84-d7d5f506eb7f,1.0120481927710843,0.0010000000000000009
10,1,9,2,0.082,0,0,0,0,0,0,0,0,0,0,0,0,0,GPU,01a0e88e-10ec-7214-ae84-d7d5f506eb7f,0.9534883720930234,-0.00399999999999999
10,1,10,1,0.076,0,0,0,0,0,0,0,0,0,0,0,0,0,GPU,01a0e88e-10ec-7214-ae84-d7d5f506eb7f,1.0,0.0
10,1,10,2,0.075,0,0,0,0,0,0,0,0,0,0,0,0,0,GPU,01a0e88e-10ec-7214-ae84-d7d5f506eb7f,1.0,0.0
10,1,11,1,0.03,0,0,0,0,0,0,0,0,0,0,0,0,0,GPU,01a0e88e-10ec-7214-ae84-d7d5f506eb7f,1.0,0.0
10,1,11,2,0.023,0,0,0,0,0,0,0,0,0,0,0,0,0,GPU,01a0e88e-10ec-7214-ae84-d7d5f506eb7f,1.0,0.0
10,1,12,1,0.049,0,0,0,0,0,0,0,0,0,0,0,0,0,GPU,01a0e88e-10ec-7214-ae84-d7d5f506eb7f,1.0,0.0
10,1,12,2,0.047,0,0,0,0,0,0,0,0,0,0,0,0,0,GPU,01a0e88e-10ec-7214-ae84-d7d5f506eb7f,0.9791666666666666,-0.0010000000000000009
10,1,13,1,0.04,0,0,0,0,0,0,0,0,0,0,0,0,0,GPU,01a0e88e-10ec-7214-ae84-d7d5f506eb7f,1.0,0.0
10,1,13,2,0.036,0,0,0,0,0,0,0,0,0,0,0,0,0,GPU,01a0e88e-10ec-7214-ae84-d7d5f506eb7f,1.0285714285714285,0.000999999999999994
10,1,14,1,0.048,0,0,0,0,0,0,0,0,0,0,0,0,0,GPU,01a0e88e-10ec-7214-ae84-d7d5f506eb7f,0.9795918367346939,-0.0010000000000000009
10,1,14,2,0.047,0,0,0,0,0,0,0,0,0,0,0,0,0,GPU,01a0e88e-10ec-7214-ae84-d7d5f506eb7f,1.0,0.0
10,1,15,1,0.053,0,0,0,0,0,0,0,0,0,0,0,0,0,GPU,01a0e88e-10ec-7214-ae84-d7d5f506eb7f,1.0,0.0
10,1,15,2,0.05,0,0,0,0,0,0,0,0,0,0,0,0,0,GPU,01a0e88e-10ec-7214-ae84-d7d5f506eb7f,0.9803921568627452,-0.000999999999999994
10,1,16,1,0.058,0,0,0,0,0,0,0,0,0,0,0,0,0,GPU,01a0e88e-10ec-7214-ae84-d7d5f506eb7f,1.0357142857142858,0.0020000000000000018
10,1,16,2,0.035,0,0,0,0,0,0,0,0,0,0,0,0,0,GPU,01a0e88e-10ec-7214-ae84-d7d5f506eb7f,1.0,0.0
10,1,17,1,0.065,0,0,0,0,0,0,0,0,0,0,0,0,0,GPU,01a0e88e-10ec-7214-ae84-d7d5f506eb7f,0.9558823529411764,-0.0030000000000000027
10,1,17,2,0.065,0,0,0,0,0,0,0,0,0,0,0,0,0,GPU,01a0e88e-10ec-7214-ae84-d7d5f506eb7f,0.9701492537313433,-0.0020000000000000018
10,1,18,1,0.064,0,0,0,0,0,0,0,0,0,0,0,0,0,GPU,01a0e88e-10ec-7214-ae84-d7d5f506eb7f,0.9696969696969697,-0.0020000000000000018
10,1,18,2,0.064,0,0,0,0,0,0,0,0,0,0,0,0,0,GPU,01a0e88e-10ec-7214-ae84-d7d5f506eb7f,0.9846153846153846,-0.0010000000000000009
10,1,19,1,0.059,0,0,0,0,0,0,0,0,0,0,0,0,0,GPU,01a0e88e-10ec-7214-ae84-d7d5f506eb7f,0.9672131147540983,-0.0020000000000000018
10,1,19,2,0.058,0,0,0,0,0,0,0,0,0,0,0,0,0,GPU,01a0e88e-10ec-7214-ae84-d7d5f506eb7f,1.0,0.0
10,1,20,1,0.067,0,0,0,0,0,0,0,0,0,0,0,0,0,GPU,01a0e88e-10ec-7214-ae84-d7d5f506eb7f,0.9710144927536232,-0.0020000000000000018
10,1,20,2,0.068,0,0,0,0,0,0,0,0,0,0,0,0,0,GPU,01a0e88e-10ec-7214-ae84-d7d5f506eb7f,0.9855072463768115,-0.0010000000000000009
10,1,21,1,0.113,0,0,0,0,0,0,0,0,0,0,0,0,0,GPU,01a0e88e-10ec-7214-ae84-d7d5f506eb7f,1.0,0.0
10,1,21,2,0.109,0,0,0,0,0,0,0,0,0,0,0,0,0,GPU,01a0e88e-10ec-7214-ae84-d7d5f506eb7f,0.9909090909090909,-0.0010000000000000009
10,1,22,1,0.03,0,0,0,0,0,0,0,0,0,0,0,0,0,GPU,01a0e88e-10ec-7214-ae84-d7d5f506eb7f,0.8823529411764705,-0.0040000000000000036
10,1,22,2,0.027,0,0,0,0,0,0,0,0,0,0,0,0,0,GPU,01a0e88e-10ec-7214-ae84-d7d5f506eb7f,0.8709677419354839,-0.004
100,196,1,1,0.515,0,0,0,0,0,0,0,0,0,0,0,0,0,GPU,01a0e87f-a2d5-7087-8ade-1818acb4f5a1,1.0,0.0
100,196,1,2,0.448,0,0,0,0,0,0,0,0,0,0,0,0,0,GPU,01a0e87f-a2d5-7087-8ade-1818acb4f5a1,1.0,0.0
100,196,2,1,0.127,0,0,0,0,0,0,0,0,0,0,0,0,0,GPU,01a0e87f-a2d5-7087-8ade-1818acb4f5a1,1.0,0.0
100,196,2,2,0.111,0,0,0,0,0,0,0,0,0,0,0,0,0,GPU,01a0e87f-a2d5-7087-8ade-1818acb4f5a1,1.0,0.0
100,196,3,1,0.276,0,0,0,0,0,0,0,0,0,0,0,0,0,GPU,01a0e87f-a2d5-7087-8ade-1818acb4f5a1,1.0,0.0
100,196,3,2,0.282,0,0,0,0,0,0,0,0,0,0,0,0,0,GPU,01a0e87f-a2d5-7087-8ade-1818acb4f5a1,1.0,0.0
100,196,4,1,0.191,0,0,0,0,0,0,0,0,0,0,0,0,0,GPU,01a0e87f-a2d5-7087-8ade-1818acb4f5a1,1.0,0.0
100,196,4,2,0.18,0,0,0,0,0,0,0,0,0,0,0,0,0,GPU,01a0e87f-a2d5-7087-8ade-1818acb4f5a1,1.0,0.0
100,196,5,1,0.31,0,0,0,0,0,0,0,0,0,0,0,0,0,GPU,01a0e87f-a2d5-7087-8ade-1818acb4f5a1,1.0,0.0
100,196,5,2,0.306,0,0,0,0,0,0,0,0,0,0,0,0,0,GPU,01a0e87f-a2d5-7087-8ade-1818acb4f5a1,1.0,0.0
100,196,6,1,0.231,0,0,0,0,0,0,0,0,0,0,0,0,0,GPU,01a0e87f-a2d5-7087-8ade-1818acb4f5a1,1.0,0.0
100,196,6,2,0.22,0,0,0,0,0,0,0,0,0,0,0,0,0,GPU,01a0e87f-a2d5-7087-8ade-1818acb4f5a1,1.0,0.0
100,196,7,1,0.357,0,0,0,0,0,0,0,0,0,0,0,0,0,GPU,01a0e87f-a2d5-7087-8ade-1818acb4f5a1,1.0,0.0
100,196,7,2,0.35,0,0,0,0,0,0,0,0,0,0,0,0,0,GPU,01a0e87f-a2d5-7087-8ade-1818acb4f5a1,1.0,0.0
100,196,8,1,0.443,0,0,0,0,0,0,0,0,0,0,0,0,0,GPU,01a0e87f-a2d5-7087-8ade-1818acb4f5a1,1.0,0.0
100,196,8,2,0.411,0,0,0,0,0,0,0,0,0,0,0,0,0,GPU,01a0e87f-a2d5-7087-8ade-1818acb4f5a1,1.0,0.0
100,196,9,1,0.575,0,0,0,0,0,0,0,0,0,0,0,0,0,GPU,01a0e87f-a2d5-7087-8ade-1818acb4f5a1,1.0,0.0
100,196,9,2,0.534,0,0,0,0,0,0,0,0,0,0,0,0,0,GPU,01a0e87f-a2d5-7087-8ade-1818acb4f5a1,1.0,0.0
100,196,10,1,0.376,0,0,0,0,0,0,0,0,0,0,0,0,0,GPU,01a0e87f-a2d5-7087-8ade-1818acb4f5a1,1.0,0.0
100,196,10,2,0.383,0,0,0,0,0,0,0,0,0,0,0,0,0,GPU,01a0e87f-a2d5-7087-8ade-1818acb4f5a1,1.0,0.0
100,196,11,1,0.086,0,0,0,0,0,0,0,0,0,0,0,0,0,GPU,01a0e87f-a2d5-7087-8ade-1818acb4f5a1,1.0,0.0
100,196,11,2,0.083,0,0,0,0,0,0,0,0,0,0,0,0,0,GPU,01a0e87f-a2d5-7087-8ade-1818acb4f5a1,1.0,0.0
100,196,12,1,0.271,0,0,0,0,0,0,0,0,0,0,0,0,0,GPU,01a0e87f-a2d5-7087-8ade-1818acb4f5a1,1.0,0.0
100,196,12,2,0.268,0,0,0,0,0,0,0,0,0,0,0,0,0,GPU,01a0e87f-a2d5-7087-8ade-1818acb4f5a1,1.0,0.0
100,196,13,1,0.222,0,0,0,0,0,0,0,0,0,0,0,0,0,GPU,01a0e87f-a2d5-7087-8ade-1818acb4f5a1,1.0,0.0
100,196,13,2,0.224,0,0,0,0,0,0,0,0,0,0,0,0,0,GPU,01a0e87f-a2d5-7087-8ade-1818acb4f5a1,1.0,0.0
100,196,14,1,0.314,0,0,0,0,0,0,0,0,0,0,0,0,0,GPU,01a0e87f-a2d5-7087-8ade-1818acb4f5a1,1.0,0.0
100,196,14,2,0.308,0,0,0,0,0,0,0,0,0,0,0,0,0,GPU,01a0e87f-a2d5-7087-8ade-1818acb4f5a1,1.0,0.0
100,196,15,1,0.318,0,0,0,0,0,0,0,0,0,0,0,0,0,GPU,01a0e87f-a2d5-7087-8ade-1818acb4f5a1,1.0,0.0
100,196,15,2,0.313,0,0,0,0,0,0,0,0,0,0,0,0,0,GPU,01a0e87f-a2d5-7087-8ade-1818acb4f5a1,1.0,0.0
100,196,16,1,0.092,0,0,0,0,0,0,0,0,0,0,0,0,0,GPU,01a0e87f-a2d5-7087-8ade-1818acb4f5a1,1.0,0.0
100,196,16,2,0.066,0,0,0,0,0,0,0,0,0,0,0,0,0,GPU,01a0e87f-a2d5-7087-8ade-1818acb4f5a1,1.0,0.0
100,196,17,1,0.404,0,0,0,0,0,0,0,0,0,0,0,0,0,GPU,01a0e87f-a2d5-7087-8ade-1818acb4f5a1,1.0,0.0
100,196,17,2,0.409,0,0,0,0,0,0,0,0,0,0,0,0,0,GPU,01a0e87f-a2d5-7087-8ade-1818acb4f5a1,1.0,0.0
100,196,18,1,0.33,0,0,0,0,0,0,0,0,0,0,0,0,0,GPU,01a0e87f-a2d5-7087-8ade-1818acb4f5a1,1.0,0.0
100,196,18,2,0.348,0,0,0,0,0,0,0,0,0,0,0,0,0,GPU,01a0e87f-a2d5-7087-8ade-1818acb4f5a1,1.0,0.0
100,196,19,1,0.408,0,0,0,0,0,0,0,0,0,0,0,0,0,GPU,01a0e87f-a2d5-7087-8ade-1818acb4f5a1,1.0,0.0
100,196,19,2,0.375,0,0,0,0,0,0,0,0,0,0,0,0,0,GPU,01a0e87f-a2d5-7087-8ade-1818acb4f5a1,1.0,0.0
100,196,20,1,0.358,0,0,0,0,0,0,0,0,0,0,0,0,0,GPU,01a0e87f-a2d5-7087-8ade-1818acb4f5a1,1.0,0.0
100,196,20,2,0.363,0,0,0,0,0,0,0,0,0,0,0,0,0,GPU,01a0e87f-a2d5-7087-8ade-1818acb4f5a1,1.0,0.0
100,196,21,1,0.6,0,0,0,0,0,0,0,0,0,0,0,0,0,GPU,01a0e87f-a2d5-7087-8ade-1818acb4f5a1,1.0,0.0
100,196,21,2,0.605,0,0,0,0,0,0,0,0,0,0,0,0,0,GPU,01a0e87f-a2d5-7087-8ade-1818acb4f5a1,1.0,0.0
100,196,22,1,0.094,0,0,0,0,0,0,0,0,0,0,0,0,0,GPU,01a0e87f-a2d5-7087-8ade-1818acb4f5a1,1.0,0.0
100,196,22,2,0.09,0,0,0,0,0,0,0,0,0,0,0,0,0,GPU,01a0e87f-a2d5-7087-8ade-1818acb4f5a1,1.0,0.0
100,8,1,1,0.513,0,0,0,0,0,0,0,0,0,0,0,0,0,GPU,01a0e885-da1e-775c-8ecb-aaa7753cd163,0.996116504854369,-0.0020000000000000018
100,8,1,2,0.452,0,0,0,0,0,0,0,0,0,0,0,0,0,GPU,01a0e885-da1e-775c-8ecb-aaa7753cd163,1.0089285714285714,0.0040000000000000036
100,8,2,1,0.127,0,0,0,0,0,0,0,0,0,0,0,0,0,GPU,01a0e885-da1e-775c-8ecb-aaa7753cd163,1.0,0.0
100,8,2,2,0.111,0,0,0,0,0,0,0,0,0,0,0,0,0,GPU,01a0e885-da1e-775c-8ecb-aaa7753cd163,1.0,0.0
100,8,3,1,0.279,0,0,0,0,0,0,0,0,0,0,0,0,0,GPU,01a0e885-da1e-775c-8ecb-aaa7753cd163,1.0108695652173914,0.0030000000000000027
100,8,3,2,0.274,0,0,0,0,0,0,0,0,0,0,0,0,0,GPU,01a0e885-da1e-775c-8ecb-aaa7753cd163,0.971631205673759,-0.007999999999999952
100,8,4,1,0.194,0,0,0,0,0,0,0,0,0,0,0,0,0,GPU,01a0e885-da1e-775c-8ecb-aaa7753cd163,1.0157068062827226,0.0030000000000000027
100,8,4,2,0.176,0,0,0,0,0,0,0,0,0,0,0,0,0,GPU,01a0e885-da1e-775c-8ecb-aaa7753cd163,0.9777777777777777,-0.0040000000000000036
100,8,5,1,0.315,0,0,0,0,0,0,0,0,0,0,0,0,0,GPU,01a0e885-da1e-775c-8ecb-aaa7753cd163,1.0161290322580645,0.0050000000000000044
100,8,5,2,0.307,0,0,0,0,0,0,0,0,0,0,0,0,0,GPU,01a0e885-da1e-775c-8ecb-aaa7753cd163,1.0032679738562091,0.0010000000000000009
100,8,6,1,0.23,0,0,0,0,0,0,0,0,0,0,0,0,0,GPU,01a0e885-da1e-775c-8ecb-aaa7753cd163,0.9956709956709957,-0.0010000000000000009
100,8,6,2,0.229,0,0,0,0,0,0,0,0,0,0,0,0,0,GPU,01a0e885-da1e-775c-8ecb-aaa7753cd163,1.040909090909091,0.009000000000000008
100,8,7,1,0.355,0,0,0,0,0,0,0,0,0,0,0,0,0,GPU,01a0e885-da1e-775c-8ecb-aaa7753cd163,0.9943977591036415,-0.0020000000000000018
100,8,7,2,0.352,0,0,0,0,0,0,0,0,0,0,0,0,0,GPU,01a0e885-da1e-775c-8ecb-aaa7753cd163,1.0057142857142858,0.0020000000000000018
100,8,8,1,0.432,0,0,0,0,0,0,0,0,0,0,0,0,0,GPU,01a0e885-da1e-775c-8ecb-aaa7753cd163,0.9751693002257336,-0.01100000000000001
100,8,8,2,0.429,0,0,0,0,0,0,0,0,0,0,0,0,0,GPU,01a0e885-da1e-775c-8ecb-aaa7753cd163,1.0437956204379562,0.018000000000000016
100,8,9,1,0.532,0,0,0,0,0,0,0,0,0,0,0,0,0,GPU,01a0e885-da1e-775c-8ecb-aaa7753cd163,0.925217391304348,-0.04299999999999993
100,8,9,2,0.531,0,0,0,0,0,0,0,0,0,0,0,0,0,GPU,01a0e885-da1e-775c-8ecb-aaa7753cd163,0.9943820224719101,-0.0030000000000000027
100,8,10,1,0.399,0,0,0,0,0,0,0,0,0,0,0,0,0,GPU,01a0e885-da1e-775c-8ecb-aaa7753cd163,1.0611702127659575,0.02300000000000002
100,8,10,2,0.389,0,0,0,0,0,0,0,0,0,0,0,0,0,GPU,01a0e885-da1e-775c-8ecb-aaa7753cd163,1.0156657963446476,0.006000000000000005
100,8,11,1,0.088,0,0,0,0,0,0,0,0,0,0,0,0,0,GPU,01a0e885-da1e-775c-8ecb-aaa7753cd163,1.0232558139534884,0.0020000000000000018
100,8,11,2,0.082,0,0,0,0,0,0,0,0,0,0,0,0,0,GPU,01a0e885-da1e-775c-8ecb-aaa7753cd163,0.9879518072289156,-0.0010000000000000009
100,8,12,1,0.27,0,0,0,0,0,0,0,0,0,0,0,0,0,GPU,01a0e885-da1e-775c-8ecb-aaa7753cd163,0.996309963099631,-0.0010000000000000009
100,8,12,2,0.275,0,0,0,0,0,0,0,0,0,0,0,0,0,GPU,01a0e885-da1e-775c-8ecb-aaa7753cd163,1.0261194029850746,0.007000000000000006
100,8,13,1,0.224,0,0,0,0,0,0,0,0,0,0,0,0,0,GPU,01a0e885-da1e-775c-8ecb-aaa7753cd163,1.009009009009009,0.0020000000000000018
100,8,13,2,0.22,0,0,0,0,0,0,0,0,0,0,0,0,0,GPU,01a0e885-da1e-775c-8ecb-aaa7753cd163,0.9821428571428571,-0.0040000000000000036
100,8,14,1,0.302,0,0,0,0,0,0,0,0,0,0,0,0,0,GPU,01a0e885-da1e-775c-8ecb-aaa7753cd163,0.9617834394904459,-0.01200000000000001
100,8,14,2,0.314,0,0,0,0,0,0,0,0,0,0,0,0,0,GPU,01a0e885-da1e-775c-8ecb-aaa7753cd163,1.0194805194805194,0.006000000000000005
100,8,15,1,0.316,0,0,0,0,0,0,0,0,0,0,0,0,0,GPU,01a0e885-da1e-775c-8ecb-aaa7753cd163,0.9937106918238994,-0.0020000000000000018
100,8,15,2,0.269,0,0,0,0,0,0,0,0,0,0,0,0,0,GPU,01a0e885-da1e-775c-8ecb-aaa7753cd163,0.8594249201277956,-0.043999999999999984
100,8,16,1,0.092,0,0,0,0,0,0,0,0,0,0,0,0,0,GPU,01a0e885-da1e-775c-8ecb-aaa7753cd163,1.0,0.0
100,8,16,2,0.066,0,0,0,0,0,0,0,0,0,0,0,0,0,GPU,01a0e885-da1e-775c-8ecb-aaa7753cd163,1.0,0.0
100,8,17,1,0.416,0,0,0,0,0,0,0,0,0,0,0,0,0,GPU,01a0e885-da1e-775c-8ecb-aaa7753cd163,1.0297029702970295,0.011999999999999955
100,8,17,2,0.415,0,0,0,0,0,0,0,0,0,0,0,0,0,GPU,01a0e885-da1e-775c-8ecb-aaa7753cd163,1.0146699266503667,0.006000000000000005
100,8,18,1,0.334,0,0,0,0,0,0,0,0,0,0,0,0,0,GPU,01a0e885-da1e-775c-8ecb-aaa7753cd163,1.0121212121212122,0.0040000000000000036
100,8,18,2,0.328,0,0,0,0,0,0,0,0,0,0,0,0,0,GPU,01a0e885-da1e-775c-8ecb-aaa7753cd163,0.942528735632184,-0.019999999999999962
100,8,19,1,0.397,0,0,0,0,0,0,0,0,0,0,0,0,0,GPU,01a0e885-da1e-775c-8ecb-aaa7753cd163,0.9730392156862746,-0.010999999999999954
100,8,19,2,0.39,0,0,0,0,0,0,0,0,0,0,0,0,0,GPU,01a0e885-da1e-775c-8ecb-aaa7753cd163,1.04,0.015000000000000013
100,8,20,1,0.382,0,0,0,0,0,0,0,0,0,0,0,0,0,GPU,01a0e885-da1e-775c-8ecb-aaa7753cd163,1.0670391061452515,0.02400000000000002
100,8,20,2,0.355,0,0,0,0,0,0,0,0,0,0,0,0,0,GPU,01a0e885-da1e-775c-8ecb-aaa7753cd163,0.977961432506887,-0.008000000000000007
100,8,21,1,0.585,0,0,0,0,0,0,0,0,0,0,0,0,0,GPU,01a0e885-da1e-775c-8ecb-aaa7753cd163,0.975,-0.015000000000000013
100,8,21,2,0.597,0,0,0,0,0,0,0,0,0,0,0,0,0,GPU,01a0e885-da1e-775c-8ecb-aaa7753cd163,0.9867768595041322,-0.008000000000000007
100,8,22,1,0.094,0,0,0,0,0,0,0,0,0,0,0,0,0,GPU,01a0e885-da1e-775c-8ecb-aaa7753cd163,1.0,0.0
100,8,22,2,0.09,0,0,0,0,0,0,0,0,0,0,0,0,0,GPU,01a0e885-da1e-775c-8ecb-aaa7753cd163,1.0,0.0
100,1,1,1,0.511,0,0,0,0,0,0,0,0,0,0,0,0,0,GPU,01a0e88e-1e75-73ac-b8b5-9ac3b899f59f,0.9922330097087378,-0.0040000000000000036
100,1,1,2,0.448,0,0,0,0,0,0,0,0,0,0,0,0,0,GPU,01a0e88e-1e75-73ac-b8b5-9ac3b899f59f,1.0,0.0
100,1,2,1,0.126,0,0,0,0,0,0,0,0,0,0,0,0,0,GPU,01a0e88e-1e75-73ac-b8b5-9ac3b899f59f,0.9921259842519685,-0.0010000000000000009
100,1,2,2,0.115,0,0,0,0,0,0,0,0,0,0,0,0,0,GPU,01a0e88e-1e75-73ac-b8b5-9ac3b899f59f,1.0360360360360361,0.0040000000000000036
100,1,3,1,0.278,0,0,0,0,0,0,0,0,0,0,0,0,0,GPU,01a0e88e-1e75-73ac-b8b5-9ac3b899f59f,1.0072463768115942,0.0020000000000000018
100,1,3,2,0.28,0,0,0,0,0,0,0,0,0,0,0,0,0,GPU,01a0e88e-1e75-73ac-b8b5-9ac3b899f59f,0.9929078014184399,-0.0019999999999999463
100,1,4,1,0.191,0,0,0,0,0,0,0,0,0,0,0,0,0,GPU,01a0e88e-1e75-73ac-b8b5-9ac3b899f59f,1.0,0.0
100,1,4,2,0.175,0,0,0,0,0,0,0,0,0,0,0,0,0,GPU,01a0e88e-1e75-73ac-b8b5-9ac3b899f59f,0.9722222222222222,-0.0050000000000000044
100,1,5,1,0.315,0,0,0,0,0,0,0,0,0,0,0,0,0,GPU,01a0e88e-1e75-73ac-b8b5-9ac3b899f59f,1.0161290322580645,0.0050000000000000044
100,1,5,2,0.301,0,0,0,0,0,0,0,0,0,0,0,0,0,GPU,01a0e88e-1e75-73ac-b8b5-9ac3b899f59f,0.9836601307189542,-0.0050000000000000044
100,1,6,1,0.227,0,0,0,0,0,0,0,0,0,0,0,0,0,GPU,01a0e88e-1e75-73ac-b8b5-9ac3b899f59f,0.9826839826839827,-0.0040000000000000036
100,1,6,2,0.224,0,0,0,0,0,0,0,0,0,0,0,0,0,GPU,01a0e88e-1e75-73ac-b8b5-9ac3b899f59f,1.0181818181818183,0.0040000000000000036
100,1,7,1,0.354,0,0,0,0,0,0,0,0,0,0,0,0,0,GPU,01a0e88e-1e75-73ac-b8b5-9ac3b899f59f,0.9915966386554622,-0.0030000000000000027
100,1,7,2,0.349,0,0,0,0,0,0,0,0,0,0,0,0,0,GPU,01a0e88e-1e75-73ac-b8b5-9ac3b899f59f,0.9971428571428571,-0.0010000000000000009
100,1,8,1,0.438,0,0,0,0,0,0,0,0,0,0,0,0,0,GPU,01a0e88e-1e75-73ac-b8b5-9ac3b899f59f,0.9887133182844243,-0.0050000000000000044
100,1,8,2,0.442,0,0,0,0,0,0,0,0,0,0,0,0,0,GPU,01a0e88e-1e75-73ac-b8b5-9ac3b899f59f,1.075425790754258,0.031000000000000028
100,1,9,1,0.53,0,0,0,0,0,0,0,0,0,0,0,0,0,GPU,01a0e88e-1e75-73ac-b8b5-9ac3b899f59f,0.9217391304347827,-0.04499999999999993
100,1,9,2,0.554,0,0,0,0,0,0,0,0,0,0,0,0,0,GPU,01a0e88e-1e75-73ac-b8b5-9ac3b899f59f,1.0374531835205993,0.020000000000000018
100,1,10,1,0.381,0,0,0,0,0,0,0,0,0,0,0,0,0,GPU,01a0e88e-1e75-73ac-b8b5-9ac3b899f59f,1.0132978723404256,0.0050000000000000044
100,1,10,2,0.393,0,0,0,0,0,0,0,0,0,0,0,0,0,GPU,01a0e88e-1e75-73ac-b8b5-9ac3b899f59f,1.0261096605744127,0.010000000000000009
100,1,11,1,0.089,0,0,0,0,0,0,0,0,0,0,0,0,0,GPU,01a0e88e-1e75-73ac-b8b5-9ac3b899f59f,1.0348837209302326,0.0030000000000000027
100,1,11,2,0.081,0,0,0,0,0,0,0,0,0,0,0,0,0,GPU,01a0e88e-1e75-73ac-b8b5-9ac3b899f59f,0.9759036144578314,-0.0020000000000000018
100,1,12,1,0.269,0,0,0,0,0,0,0,0,0,0,0,0,0,GPU,01a0e88e-1e75-73ac-b8b5-9ac3b899f59f,0.992619926199262,-0.0020000000000000018
100,1,12,2,0.274,0,0,0,0,0,0,0,0,0,0,0,0,0,GPU,01a0e88e-1e75-73ac-b8b5-9ac3b899f59f,1.0223880597014925,0.006000000000000005
100,1,13,1,0.223,0,0,0,0,0,0,0,0,0,0,0,0,0,GPU,01a0e88e-1e75-73ac-b8b5-9ac3b899f59f,1.0045045045045045,0.0010000000000000009
100,1,13,2,0.221,0,0,0,0,0,0,0,0,0,0,0,0,0,GPU,01a0e88e-1e75-73ac-b8b5-9ac3b899f59f,0.9866071428571428,-0.0030000000000000027
100,1,14,1,0.315,0,0,0,0,0,0,0,0,0,0,0,0,0,GPU,01a0e88e-1e75-73ac-b8b5-9ac3b899f59f,1.0031847133757963,0.0010000000000000009
100,1,14,2,0.303,0,0,0,0,0,0,0,0,0,0,0,0,0,GPU,01a0e88e-1e75-73ac-b8b5-9ac3b899f59f,0.9837662337662337,-0.0050000000000000044
100,1,15,1,0.283,0,0,0,0,0,0,0,0,0,0,0,0,0,GPU,01a0e88e-1e75-73ac-b8b5-9ac3b899f59f,0.8899371069182389,-0.03500000000000003
100,1,15,2,0.27,0,0,0,0,0,0,0,0,0,0,0,0,0,GPU,01a0e88e-1e75-73ac-b8b5-9ac3b899f59f,0.8626198083067094,-0.04299999999999998
100,1,16,1,0.091,0,0,0,0,0,0,0,0,0,0,0,0,0,GPU,01a0e88e-1e75-73ac-b8b5-9ac3b899f59f,0.9891304347826086,-0.0010000000000000009
100,1,16,2,0.066,0,0,0,0,0,0,0,0,0,0,0,0,0,GPU,01a0e88e-1e75-73ac-b8b5-9ac3b899f59f,1.0,0.0
100,1,17,1,0.406,0,0,0,0,0,0,0,0,0,0,0,0,0,GPU,01a0e88e-1e75-73ac-b8b5-9ac3b899f59f,1.004950495049505,0.0020000000000000018
100,1,17,2,0.4,0,0,0,0,0,0,0,0,0,0,0,0,0,GPU,01a0e88e-1e75-73ac-b8b5-9ac3b899f59f,0.9779951100244499,-0.008999999999999952
100,1,18,1,0.331,0,0,0,0,0,0,0,0,0,0,0,0,0,GPU,01a0e88e-1e75-73ac-b8b5-9ac3b899f59f,1.003030303030303,0.0010000000000000009
100,1,18,2,0.328,0,0,0,0,0,0,0,0,0,0,0,0,0,GPU,01a0e88e-1e75-73ac-b8b5-9ac3b899f59f,0.942528735632184,-0.019999999999999962
100,1,19,1,0.394,0,0,0,0,0,0,0,0,0,0,0,0,0,GPU,01a0e88e-1e75-73ac-b8b5-9ac3b899f59f,0.965686274509804,-0.013999999999999957
100,1,19,2,0.386,0,0,0,0,0,0,0,0,0,0,0,0,0,GPU,01a0e88e-1e75-73ac-b8b5-9ac3b899f59f,1.0293333333333334,0.01100000000000001
100,1,20,1,0.38,0,0,0,0,0,0,0,0,0,0,0,0,0,GPU,01a0e88e-1e75-73ac-b8b5-9ac3b899f59f,1.0614525139664805,0.02200000000000002
100,1,20,2,0.378,0,0,0,0,0,0,0,0,0,0,0,0,0,GPU,01a0e88e-1e75-73ac-b8b5-9ac3b899f59f,1.0413223140495869,0.015000000000000013
100,1,21,1,0.595,0,0,0,0,0,0,0,0,0,0,0,0,0,GPU,01a0e88e-1e75-73ac-b8b5-9ac3b899f59f,0.9916666666666667,-0.0050000000000000044
100,1,21,2,0.589,0,0,0,0,0,0,0,0,0,0,0,0,0,GPU,01a0e88e-1e75-73ac-b8b5-9ac3b899f59f,0.9735537190082645,-0.016000000000000014
100,1,22,1,0.094,0,0,0,0,0,0,0,0,0,0,0,0,0,GPU,01a0e88e-1e75-73ac-b8b5-9ac3b899f59f,1.0,0.0
100,1,22,2,0.09,0,0,0,0,0,0,0,0,0,0,0,0,0,GPU,01a0e88e-1e75-73ac-b8b5-9ac3b899f59f,1.0,0.0
250,196,1,1,1.169,0,0,0,0,0,0,0,0,0,0,0,0,0,GPU,01a0e87f-db2b-72cc-9f3b-49f084983118,1.0,0.0
250,196,1,2,1.093,0,0,0,0,0,0,0,0,0,0,0,0,0,GPU,01a0e87f-db2b-72cc-9f3b-49f084983118,1.0,0.0
250,196,2,1,0.205,0,0,0,0,0,0,0,0,0,0,0,0,0,GPU,01a0e87f-db2b-72cc-9f3b-49f084983118,1.0,0.0
250,196,2,2,0.19,0,0,0,0,0,0,0,0,0,0,0,0,0,GPU,01a0e87f-db2b-72cc-9f3b-49f084983118,1.0,0.0
250,196,3,1,0.638,0,0,0,0,0,0,0,0,0,0,0,0,0,GPU,01a0e87f-db2b-72cc-9f3b-49f084983118,1.0,0.0
250,196,3,2,0.633,0,0,0,0,0,0,0,0,0,0,0,0,0,GPU,01a0e87f-db2b-72cc-9f3b-49f084983118,1.0,0.0
250,196,4,1,0.422,0,0,0,0,0,0,0,0,0,0,0,0,0,GPU,01a0e87f-db2b-72cc-9f3b-49f084983118,1.0,0.0
250,196,4,2,0.406,0,0,0,0,0,0,0,0,0,0,0,0,0,GPU,01a0e87f-db2b-72cc-9f3b-49f084983118,1.0,0.0
250,196,5,1,0.708,0,0,0,0,0,0,0,0,0,0,0,0,0,GPU,01a0e87f-db2b-72cc-9f3b-49f084983118,1.0,0.0
250,196,5,2,0.709,0,0,0,0,0,0,0,0,0,0,0,0,0,GPU,01a0e87f-db2b-72cc-9f3b-49f084983118,1.0,0.0
250,196,6,1,0.536,0,0,0,0,0,0,0,0,0,0,0,0,0,GPU,01a0e87f-db2b-72cc-9f3b-49f084983118,1.0,0.0
250,196,6,2,0.531,0,0,0,0,0,0,0,0,0,0,0,0,0,GPU,01a0e87f-db2b-72cc-9f3b-49f084983118,1.0,0.0
250,196,7,1,0.826,0,0,0,0,0,0,0,0,0,0,0,0,0,GPU,01a0e87f-db2b-72cc-9f3b-49f084983118,1.0,0.0
250,196,7,2,0.818,0,0,0,0,0,0,0,0,0,0,0,0,0,GPU,01a0e87f-db2b-72cc-9f3b-49f084983118,1.0,0.0
250,196,8,1,1.045,0,0,0,0,0,0,0,0,0,0,0,0,0,GPU,01a0e87f-db2b-72cc-9f3b-49f084983118,1.0,0.0
250,196,8,2,1.029,0,0,0,0,0,0,0,0,0,0,0,0,0,GPU,01a0e87f-db2b-72cc-9f3b-49f084983118,1.0,0.0
250,196,9,1,1.372,0,0,0,0,0,0,0,0,0,0,0,0,0,GPU,01a0e87f-db2b-72cc-9f3b-49f084983118,1.0,0.0
250,196,9,2,1.269,0,0,0,0,0,0,0,0,0,0,0,0,0,GPU,01a0e87f-db2b-72cc-9f3b-49f084983118,1.0,0.0
250,196,10,1,0.942,0,0,0,0,0,0,0,0,0,0,0,0,0,GPU,01a0e87f-db2b-72cc-9f3b-49f084983118,1.0,0.0
250,196,10,2,0.934,0,0,0,0,0,0,0,0,0,0,0,0,0,GPU,01a0e87f-db2b-72cc-9f3b-49f084983118,1.0,0.0
250,196,11,1,0.168,0,0,0,0,0,0,0,0,0,0,0,0,0,GPU,01a0e87f-db2b-72cc-9f3b-49f084983118,1.0,0.0
250,196,11,2,0.166,0,0,0,0,0,0,0,0,0,0,0,0,0,GPU,01a0e87f-db2b-72cc-9f3b-49f084983118,1.0,0.0
250,196,12,1,0.642,0,0,0,0,0,0,0,0,0,0,0,0,0,GPU,01a0e87f-db2b-72cc-9f3b-49f084983118,1.0,0.0
250,196,12,2,0.655,0,0,0,0,0,0,0,0,0,0,0,0,0,GPU,01a0e87f-db2b-72cc-9f3b-49f084983118,1.0,0.0
250,196,13,1,0.523,0,0,0,0,0,0,0,0,0,0,0,0,0,GPU,01a0e87f-db2b-72cc-9f3b-49f084983118,1.0,0.0
250,196,13,2,0.518,0,0,0,0,0,0,0,0,0,0,0,0,0,GPU,01a0e87f-db2b-72cc-9f3b-49f084983118,1.0,0.0
250,196,14,1,0.771,0,0,0,0,0,0,0,0,0,0,0,0,0,GPU,01a0e87f-db2b-72cc-9f3b-49f084983118,1.0,0.0
250,196,14,2,0.774,0,0,0,0,0,0,0,0,0,0,0,0,0,GPU,01a0e87f-db2b-72cc-9f3b-49f084983118,1.0,0.0
250,196,15,1,0.671,0,0,0,0,0,0,0,0,0,0,0,0,0,GPU,01a0e87f-db2b-72cc-9f3b-49f084983118,1.0,0.0
250,196,15,2,0.644,0,0,0,0,0,0,0,0,0,0,0,0,0,GPU,01a0e87f-db2b-72cc-9f3b-49f084983118,1.0,0.0
250,196,16,1,0.148,0,0,0,0,0,0,0,0,0,0,0,0,0,GPU,01a0e87f-db2b-72cc-9f3b-49f084983118,1.0,0.0
250,196,16,2,0.121,0,0,0,0,0,0,0,0,0,0,0,0,0,GPU,01a0e87f-db2b-72cc-9f3b-49f084983118,1.0,0.0
250,196,17,1,1.013,0,0,0,0,0,0,0,0,0,0,0,0,0,GPU,01a0e87f-db2b-72cc-9f3b-49f084983118,1.0,0.0
250,196,17,2,1.011,0,0,0,0,0,0,0,0,0,0,0,0,0,GPU,01a0e87f-db2b-72cc-9f3b-49f084983118,1.0,0.0
250,196,18,1,0.801,0,0,0,0,0,0,0,0,0,0,0,0,0,GPU,01a0e87f-db2b-72cc-9f3b-49f084983118,1.0,0.0
250,196,18,2,0.8,0,0,0,0,0,0,0,0,0,0,0,0,0,GPU,01a0e87f-db2b-72cc-9f3b-49f084983118,1.0,0.0
250,196,19,1,0.931,0,0,0,0,0,0,0,0,0,0,0,0,0,GPU,01a0e87f-db2b-72cc-9f3b-49f084983118,1.0,0.0
250,196,19,2,0.939,0,0,0,0,0,0,0,0,0,0,0,0,0,GPU,01a0e87f-db2b-72cc-9f3b-49f084983118,1.0,0.0
250,196,20,1,0.877,0,0,0,0,0,0,0,0,0,0,0,0,0,GPU,01a0e87f-db2b-72cc-9f3b-49f084983118,1.0,0.0
250,196,20,2,0.89,0,0,0,0,0,0,0,0,0,0,0,0,0,GPU,01a0e87f-db2b-72cc-9f3b-49f084983118,1.0,0.0
250,196,21,1,1.565,0,0,0,0,0,0,0,0,0,0,0,0,0,GPU,01a0e87f-db2b-72cc-9f3b-49f084983118,1.0,0.0
250,196,21,2,1.473,0,0,0,0,0,0,0,0,0,0,0,0,0,GPU,01a0e87f-db2b-72cc-9f3b-49f084983118,1.0,0.0
250,196,22,1,0.205,0,0,0,0,0,0,0,0,0,0,0,0,0,GPU,01a0e87f-db2b-72cc-9f3b-49f084983118,1.0,0.0
250,196,22,2,0.201,0,0,0,0,0,0,0,0,0,0,0,0,0,GPU,01a0e87f-db2b-72cc-9f3b-49f084983118,1.0,0.0
250,8,1,1,1.155,0,0,0,0,0,0,0,0,0,0,0,0,0,GPU,01a0e886-1242-74ea-b076-474915d70108,0.9880239520958084,-0.014000000000000012
250,8,1,2,1.094,0,0,0,0,0,0,0,0,0,0,0,0,0,GPU,01a0e886-1242-74ea-b076-474915d70108,1.000914913083257,0.001000000000000112
250,8,2,1,0.209,0,0,0,0,0,0,0,0,0,0,0,0,0,GPU,01a0e886-1242-74ea-b076-474915d70108,1.0195121951219512,0.0040000000000000036
250,8,2,2,0.191,0,0,0,0,0,0,0,0,0,0,0,0,0,GPU,01a0e886-1242-74ea-b076-474915d70108,1.0052631578947369,0.0010000000000000009
250,8,3,1,0.642,0,0,0,0,0,0,0,0,0,0,0,0,0,GPU,01a0e886-1242-74ea-b076-474915d70108,1.006269592476489,0.0040000000000000036
250,8,3,2,0.646,0,0,0,0,0,0,0,0,0,0,0,0,0,GPU,01a0e886-1242-74ea-b076-474915d70108,1.0205371248025277,0.013000000000000012
250,8,4,1,0.422,0,0,0,0,0,0,0,0,0,0,0,0,0,GPU,01a0e886-1242-74ea-b076-474915d70108,1.0,0.0
250,8,4,2,0.414,0,0,0,0,0,0,0,0,0,0,0,0,0,GPU,01a0e886-1242-74ea-b076-474915d70108,1.019704433497537,0.007999999999999952
250,8,5,1,0.721,0,0,0,0,0,0,0,0,0,0,0,0,0,GPU,01a0e886-1242-74ea-b076-474915d70108,1.018361581920904,0.013000000000000012
250,8,5,2,0.709,0,0,0,0,0,0,0,0,0,0,0,0,0,GPU,01a0e886-1242-74ea-b076-474915d70108,1.0,0.0
250,8,6,1,0.534,0,0,0,0,0,0,0,0,0,0,0,0,0,GPU,01a0e886-1242-74ea-b076-474915d70108,0.996268656716418,-0.0020000000000000018
250,8,6,2,0.534,0,0,0,0,0,0,0,0,0,0,0,0,0,GPU,01a0e886-1242-74ea-b076-474915d70108,1.0056497175141244,0.0030000000000000027
250,8,7,1,0.831,0,0,0,0,0,0,0,0,0,0,0,0,0,GPU,01a0e886-1242-74ea-b076-474915d70108,1.0060532687651331,0.0050000000000000044
250,8,7,2,0.823,0,0,0,0,0,0,0,0,0,0,0,0,0,GPU,01a0e886-1242-74ea-b076-474915d70108,1.0061124694376529,0.0050000000000000044
250,8,8,1,1.073,0,0,0,0,0,0,0,0,0,0,0,0,0,GPU,01a0e886-1242-74ea-b076-474915d70108,1.0267942583732057,0.028000000000000025
250,8,8,2,1.04,0,0,0,0,0,0,0,0,0,0,0,0,0,GPU,01a0e886-1242-74ea-b076-474915d70108,1.0106899902818272,0.01100000000000012
250,8,9,1,1.323,0,0,0,0,0,0,0,0,0,0,0,0,0,GPU,01a0e886-1242-74ea-b076-474915d70108,0.9642857142857142,-0.049000000000000155
250,8,9,2,1.291,0,0,0,0,0,0,0,0,0,0,0,0,0,GPU,01a0e886-1242-74ea-b076-474915d70108,1.0173364854215918,0.02200000000000002
250,8,10,1,0.952,0,0,0,0,0,0,0,0,0,0,0,0,0,GPU,01a0e886-1242-74ea-b076-474915d70108,1.010615711252654,0.010000000000000009
250,8,10,2,0.935,0,0,0,0,0,0,0,0,0,0,0,0,0,GPU,01a0e886-1242-74ea-b076-474915d70108,1.0010706638115632,0.0010000000000000009
250,8,11,1,0.182,0,0,0,0,0,0,0,0,0,0,0,0,0,GPU,01a0e886-1242-74ea-b076-474915d70108,1.0833333333333333,0.013999999999999985
250,8,11,2,0.166,0,0,0,0,0,0,0,0,0,0,0,0,0,GPU,01a0e886-1242-74ea-b076-474915d70108,1.0,0.0
250,8,12,1,0.65,0,0,0,0,0,0,0,0,0,0,0,0,0,GPU,01a0e886-1242-74ea-b076-474915d70108,1.0124610591900312,0.008000000000000007
250,8,12,2,0.652,0,0,0,0,0,0,0,0,0,0,0,0,0,GPU,01a0e886-1242-74ea-b076-474915d70108,0.9954198473282443,-0.0030000000000000027
250,8,13,1,0.527,0,0,0,0,0,0,0,0,0,0,0,0,0,GPU,01a0e886-1242-74ea-b076-474915d70108,1.0076481835564053,0.0040000000000000036
250,8,13,2,0.523,0,0,0,0,0,0,0,0,0,0,0,0,0,GPU,01a0e886-1242-74ea-b076-474915d70108,1.0096525096525097,0.0050000000000000044
250,8,14,1,0.785,0,0,0,0,0,0,0,0,0,0,0,0,0,GPU,01a0e886-1242-74ea-b076-474915d70108,1.0181582360570687,0.014000000000000012
250,8,14,2,0.804,0,0,0,0,0,0,0,0,0,0,0,0,0,GPU,01a0e886-1242-74ea-b076-474915d70108,1.0387596899224807,0.030000000000000027
250,8,15,1,0.665,0,0,0,0,0,0,0,0,0,0,0,0,0,GPU,01a0e886-1242-74ea-b076-474915d70108,0.9910581222056631,-0.006000000000000005
250,8,15,2,0.738,0,0,0,0,0,0,0,0,0,0,0,0,0,GPU,01a0e886-1242-74ea-b076-474915d70108,1.1459627329192545,0.09399999999999997
250,8,16,1,0.146,0,0,0,0,0,0,0,0,0,0,0,0,0,GPU,01a0e886-1242-74ea-b076-474915d70108,0.9864864864864865,-0.0020000000000000018
250,8,16,2,0.118,0,0,0,0,0,0,0,0,0,0,0,0,0,GPU,01a0e886-1242-74ea-b076-474915d70108,0.9752066115702479,-0.0030000000000000027
250,8,17,1,0.993,0,0,0,0,0,0,0,0,0,0,0,0,0,GPU,01a0e886-1242-74ea-b076-474915d70108,0.9802566633761106,-0.019999999999999907
250,8,17,2,0.994,0,0,0,0,0,0,0,0,0,0,0,0,0,GPU,01a0e886-1242-74ea-b076-474915d70108,0.9831849653808111,-0.016999999999999904
250,8,18,1,0.785,0,0,0,0,0,0,0,0,0,0,0,0,0,GPU,01a0e886-1242-74ea-b076-474915d70108,0.9800249687890137,-0.016000000000000014
250,8,18,2,0.755,0,0,0,0,0,0,0,0,0,0,0,0,0,GPU,01a0e886-1242-74ea-b076-474915d70108,0.94375,-0.04500000000000004
250,8,19,1,0.933,0,0,0,0,0,0,0,0,0,0,0,0,0,GPU,01a0e886-1242-74ea-b076-474915d70108,1.0021482277121374,0.0020000000000000018
250,8,19,2,0.935,0,0,0,0,0,0,0,0,0,0,0,0,0,GPU,01a0e886-1242-74ea-b076-474915d70108,0.9957401490947818,-0.0039999999999998925
250,8,20,1,0.887,0,0,0,0,0,0,0,0,0,0,0,0,0,GPU,01a0e886-1242-74ea-b076-474915d70108,1.0114025085518814,0.010000000000000009
250,8,20,2,0.887,0,0,0,0,0,0,0,0,0,0,0,0,0,GPU,01a0e886-1242-74ea-b076-474915d70108,0.996629213483146,-0.0030000000000000027
250,8,21,1,1.505,0,0,0,0,0,0,0,0,0,0,0,0,0,GPU,01a0e886-1242-74ea-b076-474915d70108,0.9616613418530351,-0.06000000000000005
250,8,21,2,1.46,0,0,0,0,0,0,0,0,0,0,0,0,0,GPU,01a0e886-1242-74ea-b076-474915d70108,0.9911744738628648,-0.013000000000000123
250,8,22,1,0.204,0,0,0,0,0,0,0,0,0,0,0,0,0,GPU,01a0e886-1242-74ea-b076-474915d70108,0.9951219512195122,-0.0010000000000000009
250,8,22,2,0.203,0,0,0,0,0,0,0,0,0,0,0,0,0,GPU,01a0e886-1242-74ea-b076-474915d70108,1.0099502487562189,0.0020000000000000018
250,1,1,1,1.145,0,0,0,0,0,0,0,0,0,0,0,0,0,GPU,01a0e88e-5666-7470-8826-00ad4b602c1e,0.9794696321642429,-0.02400000000000002
250,1,1,2,1.087,0,0,0,0,0,0,0,0,0,0,0,0,0,GPU,01a0e88e-5666-7470-8826-00ad4b602c1e,0.9945105215004575,-0.006000000000000005
250,1,2,1,0.208,0,0,0,0,0,0,0,0,0,0,0,0,0,GPU,01a0e88e-5666-7470-8826-00ad4b602c1e,1.0146341463414634,0.0030000000000000027
250,1,2,2,0.194,0,0,0,0,0,0,0,0,0,0,0,0,0,GPU,01a0e88e-5666-7470-8826-00ad4b602c1e,1.0210526315789474,0.0040000000000000036
250,1,3,1,0.644,0,0,0,0,0,0,0,0,0,0,0,0,0,GPU,01a0e88e-5666-7470-8826-00ad4b602c1e,1.0094043887147335,0.006000000000000005
250,1,3,2,0.643,0,0,0,0,0,0,0,0,0,0,0,0,0,GPU,01a0e88e-5666-7470-8826-00ad4b602c1e,1.0157977883096367,0.010000000000000009
250,1,4,1,0.423,0,0,0,0,0,0,0,0,0,0,0,0,0,GPU,01a0e88e-5666-7470-8826-00ad4b602c1e,1.0023696682464456,0.0010000000000000009
250,1,4,2,0.408,0,0,0,0,0,0,0,0,0,0,0,0,0,GPU,01a0e88e-5666-7470-8826-00ad4b602c1e,1.0049261083743841,0.0019999999999999463
250,1,5,1,0.723,0,0,0,0,0,0,0,0,0,0,0,0,0,GPU,01a0e88e-5666-7470-8826-00ad4b602c1e,1.021186440677966,0.015000000000000013
250,1,5,2,0.712,0,0,0,0,0,0,0,0,0,0,0,0,0,GPU,01a0e88e-5666-7470-8826-00ad4b602c1e,1.004231311706629,0.0030000000000000027
250,1,6,1,0.537,0,0,0,0,0,0,0,0,0,0,0,0,0,GPU,01a0e88e-5666-7470-8826-00ad4b602c1e,1.001865671641791,0.0010000000000000009
250,1,6,2,0.537,0,0,0,0,0,0,0,0,0,0,0,0,0,GPU,01a0e88e-5666-7470-8826-00ad4b602c1e,1.0112994350282487,0.006000000000000005
250,1,7,1,0.836,0,0,0,0,0,0,0,0,0,0,0,0,0,GPU,01a0e88e-5666-7470-8826-00ad4b602c1e,1.0121065375302662,0.010000000000000009
250,1,7,2,0.834,0,0,0,0,0,0,0,0,0,0,0,0,0,GPU,01a0e88e-5666-7470-8826-00ad4b602c1e,1.019559902200489,0.016000000000000014
250,1,8,1,1.058,0,0,0,0,0,0,0,0,0,0,0,0,0,GPU,01a0e88e-5666-7470-8826-00ad4b602c1e,1.01244019138756,0.013000000000000123
250,1,8,2,1.043,0,0,0,0,0,0,0,0,0,0,0,0,0,GPU,01a0e88e-5666-7470-8826-00ad4b602c1e,1.0136054421768708,0.014000000000000012
250,1,9,1,1.359,0,0,0,0,0,0,0,0,0,0,0,0,0,GPU,01a0e88e-5666-7470-8826-00ad4b602c1e,0.9905247813411078,-0.013000000000000123
250,1,9,2,1.309,0,0,0,0,0,0,0,0,0,0,0,0,0,GPU,01a0e88e-5666-7470-8826-00ad4b602c1e,1.0315208825847124,0.040000000000000036
250,1,10,1,0.936,0,0,0,0,0,0,0,0,0,0,0,0,0,GPU,01a0e88e-5666-7470-8826-00ad4b602c1e,0.9936305732484078,-0.005999999999999894
250,1,10,2,0.957,0,0,0,0,0,0,0,0,0,0,0,0,0,GPU,01a0e88e-5666-7470-8826-00ad4b602c1e,1.0246252676659529,0.02299999999999991
250,1,11,1,0.169,0,0,0,0,0,0,0,0,0,0,0,0,0,GPU,01a0e88e-5666-7470-8826-00ad4b602c1e,1.005952380952381,0.0010000000000000009
250,1,11,2,0.156,0,0,0,0,0,0,0,0,0,0,0,0,0,GPU,01a0e88e-5666-7470-8826-00ad4b602c1e,0.9397590361445782,-0.010000000000000009
250,1,12,1,0.647,0,0,0,0,0,0,0,0,0,0,0,0,0,GPU,01a0e88e-5666-7470-8826-00ad4b602c1e,1.0077881619937694,0.0050000000000000044
250,1,12,2,0.645,0,0,0,0,0,0,0,0,0,0,0,0,0,GPU,01a0e88e-5666-7470-8826-00ad4b602c1e,0.9847328244274809,-0.010000000000000009
250,1,13,1,0.521,0,0,0,0,0,0,0,0,0,0,0,0,0,GPU,01a0e88e-5666-7470-8826-00ad4b602c1e,0.9961759082217974,-0.0020000000000000018
250,1,13,2,0.522,0,0,0,0,0,0,0,0,0,0,0,0,0,GPU,01a0e88e-5666-7470-8826-00ad4b602c1e,1.0077220077220077,0.0040000000000000036
250,1,14,1,0.753,0,0,0,0,0,0,0,0,0,0,0,0,0,GPU,01a0e88e-5666-7470-8826-00ad4b602c1e,0.9766536964980544,-0.018000000000000016
250,1,14,2,0.767,0,0,0,0,0,0,0,0,0,0,0,0,0,GPU,01a0e88e-5666-7470-8826-00ad4b602c1e,0.9909560723514211,-0.007000000000000006
250,1,15,1,0.74,0,0,0,0,0,0,0,0,0,0,0,0,0,GPU,01a0e88e-5666-7470-8826-00ad4b602c1e,1.1028315946348732,0.06899999999999995
250,1,15,2,0.752,0,0,0,0,0,0,0,0,0,0,0,0,0,GPU,01a0e88e-5666-7470-8826-00ad4b602c1e,1.1677018633540373,0.10799999999999998
250,1,16,1,0.143,0,0,0,0,0,0,0,0,0,0,0,0,0,GPU,01a0e88e-5666-7470-8826-00ad4b602c1e,0.9662162162162162,-0.0050000000000000044
250,1,16,2,0.119,0,0,0,0,0,0,0,0,0,0,0,0,0,GPU,01a0e88e-5666-7470-8826-00ad4b602c1e,0.9834710743801652,-0.0020000000000000018
250,1,17,1,1.005,0,0,0,0,0,0,0,0,0,0,0,0,0,GPU,01a0e88e-5666-7470-8826-00ad4b602c1e,0.9921026653504442,-0.008000000000000007
250,1,17,2,0.989,0,0,0,0,0,0,0,0,0,0,0,0,0,GPU,01a0e88e-5666-7470-8826-00ad4b602c1e,0.9782393669634026,-0.02199999999999991
250,1,18,1,0.79,0,0,0,0,0,0,0,0,0,0,0,0,0,GPU,01a0e88e-5666-7470-8826-00ad4b602c1e,0.9862671660424469,-0.01100000000000001
250,1,18,2,0.775,0,0,0,0,0,0,0,0,0,0,0,0,0,GPU,01a0e88e-5666-7470-8826-00ad4b602c1e,0.96875,-0.025000000000000022
250,1,19,1,0.952,0,0,0,0,0,0,0,0,0,0,0,0,0,GPU,01a0e88e-5666-7470-8826-00ad4b602c1e,1.0225563909774436,0.020999999999999908
250,1,19,2,0.953,0,0,0,0,0,0,0,0,0,0,0,0,0,GPU,01a0e88e-5666-7470-8826-00ad4b602c1e,1.0149094781682642,0.014000000000000012
250,1,20,1,0.898,0,0,0,0,0,0,0,0,0,0,0,0,0,GPU,01a0e88e-5666-7470-8826-00ad4b602c1e,1.023945267958951,0.02100000000000002
250,1,20,2,0.905,0,0,0,0,0,0,0,0,0,0,0,0,0,GPU,01a0e88e-5666-7470-8826-00ad4b602c1e,1.0168539325842696,0.015000000000000013
250,1,21,1,1.468,0,0,0,0,0,0,0,0,0,0,0,0,0,GPU,01a0e88e-5666-7470-8826-00ad4b602c1e,0.9380191693290735,-0.09699999999999998
250,1,21,2,1.447,0,0,0,0,0,0,0,0,0,0,0,0,0,GPU,01a0e88e-5666-7470-8826-00ad4b602c1e,0.9823489477257298,-0.026000000000000023
250,1,22,1,0.204,0,0,0,0,0,0,0,0,0,0,0,0,0,GPU,01a0e88e-5666-7470-8826-00ad4b602c1e,0.9951219512195122,-0.0010000000000000009
250,1,22,2,0.203,0,0,0,0,0,0,0,0,0,0,0,0,0,GPU,01a0e88e-5666-7470-8826-00ad4b602c1e,1.0099502487562189,0.0020000000000000018
500,196,1,1,2.266,0,0,0,0,0,0,0,0,0,0,0,0,0,GPU,01a0e880-5b68-738c-b128-3de7b9858c63,1.0,0.0
500,196,1,2,2.179,0,0,0,0,0,0,0,0,0,0,0,0,0,GPU,01a0e880-5b68-738c-b128-3de7b9858c63,1.0,0.0
500,196,2,1,0.329,0,0,0,0,0,0,0,0,0,0,0,0,0,GPU,01a0e880-5b68-738c-b128-3de7b9858c63,1.0,0.0
500,196,2,2,0.312,0,0,0,0,0,0,0,0,0,0,0,0,0,GPU,01a0e880-5b68-738c-b128-3de7b9858c63,1.0,0.0
500,196,3,1,2.0,14,3750991376,0,0,0,0,0,0,6,0,14,0,0,HOST,01a0e880-5b68-738c-b128-3de7b9858c63,1.0,0.0
500,196,3,2,1.894,19,4447698096,0,0,0,0,0,0,8,0,19,0,0,HOST,01a0e880-5b68-738c-b128-3de7b9858c63,1.0,0.0
500,196,4,1,0.81,0,0,0,0,0,0,0,0,0,0,0,0,0,GPU,01a0e880-5b68-738c-b128-3de7b9858c63,1.0,0.0
500,196,4,2,0.781,0,0,0,0,0,0,0,0,0,0,0,0,0,GPU,01a0e880-5b68-738c-b128-3de7b9858c63,1.0,0.0
500,196,5,1,1.44,0,0,0,0,0,0,0,0,0,0,0,0,0,GPU,01a0e880-5b68-738c-b128-3de7b9858c63,1.0,0.0
500,196,5,2,1.423,0,0,0,0,0,0,0,0,0,0,0,0,0,GPU,01a0e880-5b68-738c-b128-3de7b9858c63,1.0,0.0
500,196,6,1,1.049,0,0,0,0,0,0,0,0,0,0,0,0,0,GPU,01a0e880-5b68-738c-b128-3de7b9858c63,1.0,0.0
500,196,6,2,1.045,0,0,0,0,0,0,0,0,0,0,0,0,0,GPU,01a0e880-5b68-738c-b128-3de7b9858c63,1.0,0.0
500,196,7,1,1.638,0,0,0,0,0,0,0,0,0,0,0,0,0,GPU,01a0e880-5b68-738c-b128-3de7b9858c63,1.0,0.0
500,196,7,2,1.627,0,0,0,0,0,0,0,0,0,0,0,0,0,GPU,01a0e880-5b68-738c-b128-3de7b9858c63,1.0,0.0
500,196,8,1,2.127,0,0,0,0,0,0,0,0,0,0,0,0,0,GPU,01a0e880-5b68-738c-b128-3de7b9858c63,1.0,0.0
500,196,8,2,2.094,0,0,0,0,0,0,0,0,0,0,0,0,0,GPU,01a0e880-5b68-738c-b128-3de7b9858c63,1.0,0.0
500,196,9,1,2.671,0,0,0,0,0,0,0,0,0,0,0,0,0,GPU,01a0e880-5b68-738c-b128-3de7b9858c63,1.0,0.0
500,196,9,2,2.689,0,0,0,0,0,0,0,0,0,0,0,0,0,GPU,01a0e880-5b68-738c-b128-3de7b9858c63,1.0,0.0
500,196,10,1,2.133,0,0,0,0,0,0,0,0,0,0,0,0,0,GPU,01a0e880-5b68-738c-b128-3de7b9858c63,1.0,0.0
500,196,10,2,2.06,0,0,0,0,0,0,0,0,0,0,0,0,0,GPU,01a0e880-5b68-738c-b128-3de7b9858c63,1.0,0.0
500,196,11,1,0.296,0,0,0,0,0,0,0,0,0,0,0,0,0,GPU,01a0e880-5b68-738c-b128-3de7b9858c63,1.0,0.0
500,196,11,2,0.309,0,0,0,0,0,0,0,0,0,0,0,0,0,GPU,01a0e880-5b68-738c-b128-3de7b9858c63,1.0,0.0
500,196,12,1,1.273,0,0,0,0,0,0,0,0,0,0,0,0,0,GPU,01a0e880-5b68-738c-b128-3de7b9858c63,1.0,0.0
500,196,12,2,1.282,0,0,0,0,0,0,0,0,0,0,0,0,0,GPU,01a0e880-5b68-738c-b128-3de7b9858c63,1.0,0.0
500,196,13,1,1.067,1,449998800,0,0,0,0,0,0,1,0,1,0,0,HOST,01a0e880-5b68-738c-b128-3de7b9858c63,1.0,0.0
500,196,13,2,1.061,1,449998800,0,0,0,0,0,0,1,0,1,0,0,HOST,01a0e880-5b68-738c-b128-3de7b9858c63,1.0,0.0
500,196,14,1,1.578,0,0,0,0,0,0,0,0,0,0,0,0,0,GPU,01a0e880-5b68-738c-b128-3de7b9858c63,1.0,0.0
500,196,14,2,1.573,0,0,0,0,0,0,0,0,0,0,0,0,0,GPU,01a0e880-5b68-738c-b128-3de7b9858c63,1.0,0.0
500,196,15,1,1.289,0,0,0,0,0,0,0,0,0,0,0,0,0,GPU,01a0e880-5b68-738c-b128-3de7b9858c63,1.0,0.0
500,196,15,2,1.282,0,0,0,0,0,0,0,0,0,0,0,0,0,GPU,01a0e880-5b68-738c-b128-3de7b9858c63,1.0,0.0
500,196,16,1,0.233,0,0,0,0,0,0,0,0,0,0,0,0,0,GPU,01a0e880-5b68-738c-b128-3de7b9858c63,1.0,0.0
500,196,16,2,0.205,0,0,0,0,0,0,0,0,0,0,0,0,0,GPU,01a0e880-5b68-738c-b128-3de7b9858c63,1.0,0.0
500,196,17,1,1.998,0,0,0,0,0,0,0,0,0,0,0,0,0,GPU,01a0e880-5b68-738c-b128-3de7b9858c63,1.0,0.0
500,196,17,2,1.95,0,0,0,0,0,0,0,0,0,0,0,0,0,GPU,01a0e880-5b68-738c-b128-3de7b9858c63,1.0,0.0
500,196,18,1,1.477,0,0,0,0,0,0,0,0,0,0,0,0,0,GPU,01a0e880-5b68-738c-b128-3de7b9858c63,1.0,0.0
500,196,18,2,1.431,0,0,0,0,0,0,0,0,0,0,0,0,0,GPU,01a0e880-5b68-738c-b128-3de7b9858c63,1.0,0.0
500,196,19,1,1.88,0,0,0,0,0,0,0,0,0,0,0,0,0,GPU,01a0e880-5b68-738c-b128-3de7b9858c63,1.0,0.0
500,196,19,2,1.884,0,0,0,0,0,0,0,0,0,0,0,0,0,GPU,01a0e880-5b68-738c-b128-3de7b9858c63,1.0,0.0
500,196,20,1,1.702,0,0,0,0,0,0,0,0,0,0,0,0,0,GPU,01a0e880-5b68-738c-b128-3de7b9858c63,1.0,0.0
500,196,20,2,1.7,0,0,0,0,0,0,0,0,0,0,0,0,0,GPU,01a0e880-5b68-738c-b128-3de7b9858c63,1.0,0.0
500,196,21,1,3.003,0,0,0,0,0,0,0,0,0,0,0,0,0,GPU,01a0e880-5b68-738c-b128-3de7b9858c63,1.0,0.0
500,196,21,2,3.086,0,0,0,0,0,0,0,0,0,0,0,0,0,GPU,01a0e880-5b68-738c-b128-3de7b9858c63,1.0,0.0
500,196,22,1,0.375,0,0,0,0,0,0,0,0,0,0,0,0,0,GPU,01a0e880-5b68-738c-b128-3de7b9858c63,1.0,0.0
500,196,22,2,0.372,0,0,0,0,0,0,0,0,0,0,0,0,0,GPU,01a0e880-5b68-738c-b128-3de7b9858c63,1.0,0.0
500,8,1,1,2.244,0,0,0,0,0,0,0,0,0,0,0,0,0,GPU,01a0e886-92bc-74e6-9b74-774ed5e4003b,0.9902912621359224,-0.021999999999999797
500,8,1,2,2.203,0,0,0,0,0,0,0,0,0,0,0,0,0,GPU,01a0e886-92bc-74e6-9b74-774ed5e4003b,1.0110142267094997,0.02400000000000002
500,8,2,1,0.335,0,0,0,0,0,0,0,0,0,0,0,0,0,GPU,01a0e886-92bc-74e6-9b74-774ed5e4003b,1.0182370820668694,0.006000000000000005
500,8,2,2,0.323,0,0,0,0,0,0,0,0,0,0,0,0,0,GPU,01a0e886-92bc-74e6-9b74-774ed5e4003b,1.0352564102564104,0.01100000000000001
500,8,3,1,2.012,19,4446690120,0,0,0,0,0,0,8,0,19,0,0,HOST,01a0e886-92bc-74e6-9b74-774ed5e4003b,1.006,0.01200000000000001
500,8,3,2,1.895,14,3751247360,0,0,0,0,0,0,6,0,14,0,0,HOST,01a0e886-92bc-74e6-9b74-774ed5e4003b,1.0005279831045406,0.001000000000000112
500,8,4,1,0.808,0,0,0,0,0,0,0,0,0,0,0,0,0,GPU,01a0e886-92bc-74e6-9b74-774ed5e4003b,0.9975308641975309,-0.0020000000000000018
500,8,4,2,0.799,0,0,0,0,0,0,0,0,0,0,0,0,0,GPU,01a0e886-92bc-74e6-9b74-774ed5e4003b,1.0230473751600513,0.018000000000000016
500,8,5,1,1.42,0,0,0,0,0,0,0,0,0,0,0,0,0,GPU,01a0e886-92bc-74e6-9b74-774ed5e4003b,0.986111111111111,-0.020000000000000018
500,8,5,2,1.396,0,0,0,0,0,0,0,0,0,0,0,0,0,GPU,01a0e886-92bc-74e6-9b74-774ed5e4003b,0.9810260014054812,-0.027000000000000135
500,8,6,1,1.044,0,0,0,0,0,0,0,0,0,0,0,0,0,GPU,01a0e886-92bc-74e6-9b74-774ed5e4003b,0.9952335557673976,-0.004999999999999893
500,8,6,2,1.041,0,0,0,0,0,0,0,0,0,0,0,0,0,GPU,01a0e886-92bc-74e6-9b74-774ed5e4003b,0.9961722488038277,-0.0040000000000000036
500,8,7,1,1.617,0,0,0,0,0,0,0,0,0,0,0,0,0,GPU,01a0e886-92bc-74e6-9b74-774ed5e4003b,0.9871794871794872,-0.020999999999999908
500,8,7,2,1.626,0,0,0,0,0,0,0,0,0,0,0,0,0,GPU,01a0e886-92bc-74e6-9b74-774ed5e4003b,0.9993853718500306,-0.001000000000000112
500,8,8,1,2.131,0,0,0,0,0,0,0,0,0,0,0,0,0,GPU,01a0e886-92bc-74e6-9b74-774ed5e4003b,1.001880582980724,0.0040000000000000036
500,8,8,2,2.095,0,0,0,0,0,0,0,0,0,0,0,0,0,GPU,01a0e886-92bc-74e6-9b74-774ed5e4003b,1.0004775549188158,0.001000000000000334
500,8,9,1,2.715,0,0,0,0,0,0,0,0,0,0,0,0,0,GPU,01a0e886-92bc-74e6-9b74-774ed5e4003b,1.0164732309996256,0.04400000000000004
500,8,9,2,2.707,0,0,0,0,0,0,0,0,0,0,0,0,0,GPU,01a0e886-92bc-74e6-9b74-774ed5e4003b,1.0066939382670137,0.017999999999999794
500,8,10,1,2.121,0,0,0,0,0,0,0,0,0,0,0,0,0,GPU,01a0e886-92bc-74e6-9b74-774ed5e4003b,0.9943741209563994,-0.01200000000000001
500,8,10,2,2.077,0,0,0,0,0,0,0,0,0,0,0,0,0,GPU,01a0e886-92bc-74e6-9b74-774ed5e4003b,1.008252427184466,0.016999999999999904
500,8,11,1,0.312,0,0,0,0,0,0,0,0,0,0,0,0,0,GPU,01a0e886-92bc-74e6-9b74-774ed5e4003b,1.0540540540540542,0.016000000000000014
500,8,11,2,0.29,0,0,0,0,0,0,0,0,0,0,0,0,0,GPU,01a0e886-92bc-74e6-9b74-774ed5e4003b,0.9385113268608414,-0.019000000000000017
500,8,12,1,1.291,0,0,0,0,0,0,0,0,0,0,0,0,0,GPU,01a0e886-92bc-74e6-9b74-774ed5e4003b,1.01413982717989,0.018000000000000016
500,8,12,2,1.323,0,0,0,0,0,0,0,0,0,0,0,0,0,GPU,01a0e886-92bc-74e6-9b74-774ed5e4003b,1.03198127925117,0.040999999999999925
500,8,13,1,1.061,1,449998800,0,0,0,0,0,0,1,0,1,0,0,HOST,01a0e886-92bc-74e6-9b74-774ed5e4003b,0.9943767572633552,-0.006000000000000005
500,8,13,2,1.053,1,449998800,0,0,0,0,0,0,1,0,1,0,0,HOST,01a0e886-92bc-74e6-9b74-774ed5e4003b,0.9924599434495759,-0.008000000000000007
500,8,14,1,1.547,0,0,0,0,0,0,0,0,0,0,0,0,0,GPU,01a0e886-92bc-74e6-9b74-774ed5e4003b,0.9803548795944232,-0.03100000000000014
500,8,14,2,1.576,0,0,0,0,0,0,0,0,0,0,0,0,0,GPU,01a0e886-92bc-74e6-9b74-774ed5e4003b,1.0019071837253657,0.0030000000000001137
500,8,15,1,1.571,0,0,0,0,0,0,0,0,0,0,0,0,0,GPU,01a0e886-92bc-74e6-9b74-774ed5e4003b,1.2187742435996898,0.28200000000000003
500,8,15,2,1.557,0,0,0,0,0,0,0,0,0,0,0,0,0,GPU,01a0e886-92bc-74e6-9b74-774ed5e4003b,1.2145085803432136,0.2749999999999999
500,8,16,1,0.231,0,0,0,0,0,0,0,0,0,0,0,0,0,GPU,01a0e886-92bc-74e6-9b74-774ed5e4003b,0.9914163090128755,-0.0020000000000000018
500,8,16,2,0.208,0,0,0,0,0,0,0,0,0,0,0,0,0,GPU,01a0e886-92bc-74e6-9b74-774ed5e4003b,1.0146341463414634,0.0030000000000000027
500,8,17,1,1.97,0,0,0,0,0,0,0,0,0,0,0,0,0,GPU,01a0e886-92bc-74e6-9b74-774ed5e4003b,0.985985985985986,-0.028000000000000025
500,8,17,2,1.992,0,0,0,0,0,0,0,0,0,0,0,0,0,GPU,01a0e886-92bc-74e6-9b74-774ed5e4003b,1.0215384615384615,0.04200000000000004
500,8,18,1,1.477,0,0,0,0,0,0,0,0,0,0,0,0,0,GPU,01a0e886-92bc-74e6-9b74-774ed5e4003b,1.0,0.0
500,8,18,2,1.433,0,0,0,0,0,0,0,0,0,0,0,0,0,GPU,01a0e886-92bc-74e6-9b74-774ed5e4003b,1.0013976240391336,0.0020000000000000018
500,8,19,1,1.885,0,0,0,0,0,0,0,0,0,0,0,0,0,GPU,01a0e886-92bc-74e6-9b74-774ed5e4003b,1.002659574468085,0.0050000000000001155
500,8,19,2,1.88,0,0,0,0,0,0,0,0,0,0,0,0,0,GPU,01a0e886-92bc-74e6-9b74-774ed5e4003b,0.9978768577494692,-0.0040000000000000036
500,8,20,1,1.71,0,0,0,0,0,0,0,0,0,0,0,0,0,GPU,01a0e886-92bc-74e6-9b74-774ed5e4003b,1.0047003525264395,0.008000000000000007
500,8,20,2,1.745,0,0,0,0,0,0,0,0,0,0,0,0,0,GPU,01a0e886-92bc-74e6-9b74-774ed5e4003b,1.0264705882352942,0.04500000000000015
500,8,21,1,3.157,0,0,0,0,0,0,0,0,0,0,0,0,0,GPU,01a0e886-92bc-74e6-9b74-774ed5e4003b,1.0512820512820513,0.15399999999999991
500,8,21,2,3.139,0,0,0,0,0,0,0,0,0,0,0,0,0,GPU,01a0e886-92bc-74e6-9b74-774ed5e4003b,1.0171743357096565,0.052999999999999936
500,8,22,1,0.375,0,0,0,0,0,0,0,0,0,0,0,0,0,GPU,01a0e886-92bc-74e6-9b74-774ed5e4003b,1.0,0.0
500,8,22,2,0.37,0,0,0,0,0,0,0,0,0,0,0,0,0,GPU,01a0e886-92bc-74e6-9b74-774ed5e4003b,0.9946236559139785,-0.0020000000000000018
500,1,1,1,2.224,0,0,0,0,0,0,0,0,0,0,0,0,0,GPU,01a0e88e-d727-77b3-b8e5-69bfe48967bd,0.9814651368049427,-0.041999999999999815
500,1,1,2,2.198,0,0,0,0,0,0,0,0,0,0,0,0,0,GPU,01a0e88e-d727-77b3-b8e5-69bfe48967bd,1.0087195961450206,0.019000000000000128
500,1,2,1,0.343,0,0,0,0,0,0,0,0,0,0,0,0,0,GPU,01a0e88e-d727-77b3-b8e5-69bfe48967bd,1.0425531914893618,0.014000000000000012
500,1,2,2,0.324,0,0,0,0,0,0,0,0,0,0,0,0,0,GPU,01a0e88e-d727-77b3-b8e5-69bfe48967bd,1.0384615384615385,0.01200000000000001
500,1,3,1,2.417,4,1077285200,2,817345520,6,1963733264,8,2781078784,2,6,4,8,2781078784,DISK,01a0e88e-d727-77b3-b8e5-69bfe48967bd,1.2085,0.4169999999999998
500,1,3,2,2.321,8,1595442648,0,0,10,2141973568,10,2141973568,4,4,8,10,2141973568,DISK,01a0e88e-d727-77b3-b8e5-69bfe48967bd,1.2254487856388596,0.42700000000000027
500,1,4,1,0.82,0,0,0,0,0,0,0,0,0,0,0,0,0,GPU,01a0e88e-d727-77b3-b8e5-69bfe48967bd,1.0123456790123455,0.009999999999999898
500,1,4,2,0.803,0,0,0,0,0,0,0,0,0,0,0,0,0,GPU,01a0e88e-d727-77b3-b8e5-69bfe48967bd,1.028169014084507,0.02200000000000002
500,1,5,1,1.422,0,0,0,0,0,0,0,0,0,0,0,0,0,GPU,01a0e88e-d727-77b3-b8e5-69bfe48967bd,0.9874999999999999,-0.018000000000000016
500,1,5,2,1.417,0,0,0,0,0,0,0,0,0,0,0,0,0,GPU,01a0e88e-d727-77b3-b8e5-69bfe48967bd,0.9957835558678847,-0.006000000000000005
500,1,6,1,1.05,0,0,0,0,0,0,0,0,0,0,0,0,0,GPU,01a0e88e-d727-77b3-b8e5-69bfe48967bd,1.0009532888465207,0.001000000000000112
500,1,6,2,1.053,0,0,0,0,0,0,0,0,0,0,0,0,0,GPU,01a0e88e-d727-77b3-b8e5-69bfe48967bd,1.0076555023923446,0.008000000000000007
500,1,7,1,1.63,0,0,0,0,0,0,0,0,0,0,0,0,0,GPU,01a0e88e-d727-77b3-b8e5-69bfe48967bd,0.9951159951159951,-0.008000000000000007
500,1,7,2,1.628,0,0,0,0,0,0,0,0,0,0,0,0,0,GPU,01a0e88e-d727-77b3-b8e5-69bfe48967bd,1.0006146281499693,0.0009999999999998899
500,1,8,1,2.127,0,0,0,0,0,0,0,0,0,0,0,0,0,GPU,01a0e88e-d727-77b3-b8e5-69bfe48967bd,1.0,0.0
500,1,8,2,2.09,0,0,0,0,0,0,0,0,0,0,0,0,0,GPU,01a0e88e-d727-77b3-b8e5-69bfe48967bd,0.9980897803247374,-0.0040000000000000036
500,1,9,1,2.7,0,0,0,0,0,0,0,0,0,0,0,0,0,GPU,01a0e88e-d727-77b3-b8e5-69bfe48967bd,1.010857356795208,0.02900000000000036
500,1,9,2,2.696,0,0,0,0,0,0,0,0,0,0,0,0,0,GPU,01a0e88e-d727-77b3-b8e5-69bfe48967bd,1.00260319821495,0.007000000000000117
500,1,10,1,2.087,0,0,0,0,0,0,0,0,0,0,0,0,0,GPU,01a0e88e-d727-77b3-b8e5-69bfe48967bd,0.9784341303328646,-0.04599999999999982
500,1,10,2,2.107,0,0,0,0,0,0,0,0,0,0,0,0,0,GPU,01a0e88e-d727-77b3-b8e5-69bfe48967bd,1.0228155339805827,0.04700000000000015
500,1,11,1,0.318,0,0,0,0,0,0,0,0,0,0,0,0,0,GPU,01a0e88e-d727-77b3-b8e5-69bfe48967bd,1.0743243243243243,0.02200000000000002
500,1,11,2,0.316,0,0,0,0,0,0,0,0,0,0,0,0,0,GPU,01a0e88e-d727-77b3-b8e5-69bfe48967bd,1.022653721682848,0.007000000000000006
500,1,12,1,1.272,0,0,0,0,0,0,0,0,0,0,0,0,0,GPU,01a0e88e-d727-77b3-b8e5-69bfe48967bd,0.9992144540455618,-0.0009999999999998899
500,1,12,2,1.276,0,0,0,0,0,0,0,0,0,0,0,0,0,GPU,01a0e88e-d727-77b3-b8e5-69bfe48967bd,0.9953198127925117,-0.006000000000000005
500,1,13,1,1.055,1,449998800,0,0,0,0,0,0,1,0,1,0,0,HOST,01a0e88e-d727-77b3-b8e5-69bfe48967bd,0.9887535145267103,-0.01200000000000001
500,1,13,2,1.058,1,449998800,0,0,0,0,0,0,1,0,1,0,0,HOST,01a0e88e-d727-77b3-b8e5-69bfe48967bd,0.997172478793591,-0.0029999999999998916
500,1,14,1,1.593,0,0,0,0,0,0,0,0,0,0,0,0,0,GPU,01a0e88e-d727-77b3-b8e5-69bfe48967bd,1.0095057034220531,0.014999999999999902
500,1,14,2,1.573,0,0,0,0,0,0,0,0,0,0,0,0,0,GPU,01a0e88e-d727-77b3-b8e5-69bfe48967bd,1.0,0.0
500,1,15,1,1.43,0,0,0,0,0,0,0,0,0,0,0,0,0,GPU,01a0e88e-d727-77b3-b8e5-69bfe48967bd,1.1093871217998448,0.14100000000000001
500,1,15,2,1.355,0,0,0,0,0,0,0,0,0,0,0,0,0,GPU,01a0e88e-d727-77b3-b8e5-69bfe48967bd,1.0569422776911077,0.07299999999999995
500,1,16,1,0.234,0,0,0,0,0,0,0,0,0,0,0,0,0,GPU,01a0e88e-d727-77b3-b8e5-69bfe48967bd,1.0042918454935623,0.0010000000000000009
500,1,16,2,0.206,0,0,0,0,0,0,0,0,0,0,0,0,0,GPU,01a0e88e-d727-77b3-b8e5-69bfe48967bd,1.0048780487804878,0.0010000000000000009
500,1,17,1,1.994,0,0,0,0,0,0,0,0,0,0,0,0,0,GPU,01a0e88e-d727-77b3-b8e5-69bfe48967bd,0.997997997997998,-0.0040000000000000036
500,1,17,2,1.988,0,0,0,0,0,0,0,0,0,0,0,0,0,GPU,01a0e88e-d727-77b3-b8e5-69bfe48967bd,1.0194871794871796,0.038000000000000034
500,1,18,1,1.514,0,0,0,0,0,0,0,0,0,0,0,0,0,GPU,01a0e88e-d727-77b3-b8e5-69bfe48967bd,1.025050778605281,0.03699999999999992
500,1,18,2,1.433,0,0,0,0,0,0,0,0,0,0,0,0,0,GPU,01a0e88e-d727-77b3-b8e5-69bfe48967bd,1.0013976240391336,0.0020000000000000018
500,1,19,1,1.878,0,0,0,0,0,0,0,0,0,0,0,0,0,GPU,01a0e88e-d727-77b3-b8e5-69bfe48967bd,0.9989361702127659,-0.0020000000000000018
500,1,19,2,1.875,0,0,0,0,0,0,0,0,0,0,0,0,0,GPU,01a0e88e-d727-77b3-b8e5-69bfe48967bd,0.9952229299363058,-0.008999999999999897
500,1,20,1,1.694,0,0,0,0,0,0,0,0,0,0,0,0,0,GPU,01a0e88e-d727-77b3-b8e5-69bfe48967bd,0.9952996474735605,-0.008000000000000007
500,1,20,2,1.704,0,0,0,0,0,0,0,0,0,0,0,0,0,GPU,01a0e88e-d727-77b3-b8e5-69bfe48967bd,1.0023529411764707,0.0040000000000000036
500,1,21,1,3.113,0,0,0,0,0,0,0,0,0,0,0,0,0,GPU,01a0e88e-d727-77b3-b8e5-69bfe48967bd,1.0366300366300365,0.10999999999999988
500,1,21,2,3.047,0,0,0,0,0,0,0,0,0,0,0,0,0,GPU,01a0e88e-d727-77b3-b8e5-69bfe48967bd,0.9873622812702528,-0.0389999999999997
500,1,22,1,0.378,0,0,0,0,0,0,0,0,0,0,0,0,0,GPU,01a0e88e-d727-77b3-b8e5-69bfe48967bd,1.008,0.0030000000000000027
500,1,22,2,0.377,0,0,0,0,0,0,0,0,0,0,0,0,0,GPU,01a0e88e-d727-77b3-b8e5-69bfe48967bd,1.0134408602150538,0.0050000000000000044
750,196,1,1,3.341,0,0,0,0,0,0,0,0,0,0,0,0,0,GPU,01a0e881-5c42-72a5-9fa9-4eaf3119e9f7,1.0,0.0
750,196,1,2,3.278,0,0,0,0,0,0,0,0,0,0,0,0,0,GPU,01a0e881-5c42-72a5-9fa9-4eaf3119e9f7,1.0,0.0
750,196,2,1,0.468,0,0,0,0,0,0,0,0,0,0,0,0,0,GPU,01a0e881-5c42-72a5-9fa9-4eaf3119e9f7,1.0,0.0
750,196,2,2,0.438,0,0,0,0,0,0,0,0,0,0,0,0,0,GPU,01a0e881-5c42-72a5-9fa9-4eaf3119e9f7,1.0,0.0
750,196,3,1,4.227,234,43107612856,0,0,0,0,0,0,87,0,234,0,0,HOST,01a0e881-5c42-72a5-9fa9-4eaf3119e9f7,1.0,0.0
750,196,3,2,3.328,235,43099088368,0,0,0,0,0,0,90,0,235,0,0,HOST,01a0e881-5c42-72a5-9fa9-4eaf3119e9f7,1.0,0.0
750,196,4,1,1.2,0,0,0,0,0,0,0,0,0,0,0,0,0,GPU,01a0e881-5c42-72a5-9fa9-4eaf3119e9f7,1.0,0.0
750,196,4,2,1.191,0,0,0,0,0,0,0,0,0,0,0,0,0,GPU,01a0e881-5c42-72a5-9fa9-4eaf3119e9f7,1.0,0.0
750,196,5,1,6.967,347,180119720252,0,0,0,0,0,0,235,0,347,0,0,HOST,01a0e881-5c42-72a5-9fa9-4eaf3119e9f7,1.0,0.0
750,196,5,2,4.686,347,180122410716,0,0,0,0,0,0,235,0,347,0,0,HOST,01a0e881-5c42-72a5-9fa9-4eaf3119e9f7,1.0,0.0
750,196,6,1,1.706,0,0,0,0,0,0,0,0,0,0,0,0,0,GPU,01a0e881-5c42-72a5-9fa9-4eaf3119e9f7,1.0,0.0
750,196,6,2,1.867,0,0,0,0,0,0,0,0,0,0,0,0,0,GPU,01a0e881-5c42-72a5-9fa9-4eaf3119e9f7,1.0,0.0
750,196,7,1,2.688,0,0,0,0,0,0,0,0,0,0,0,0,0,GPU,01a0e881-5c42-72a5-9fa9-4eaf3119e9f7,1.0,0.0
750,196,7,2,2.636,0,0,0,0,0,0,0,0,0,0,0,0,0,GPU,01a0e881-5c42-72a5-9fa9-4eaf3119e9f7,1.0,0.0
750,196,8,1,3.146,0,0,0,0,0,0,0,0,0,0,0,0,0,GPU,01a0e881-5c42-72a5-9fa9-4eaf3119e9f7,1.0,0.0
750,196,8,2,3.141,0,0,0,0,0,0,0,0,0,0,0,0,0,GPU,01a0e881-5c42-72a5-9fa9-4eaf3119e9f7,1.0,0.0
750,196,9,1,4.48,17,4254325032,0,0,0,0,0,0,9,0,17,0,0,HOST,01a0e881-5c42-72a5-9fa9-4eaf3119e9f7,1.0,0.0
750,196,9,2,4.508,17,4254769640,0,0,0,0,0,0,9,0,17,0,0,HOST,01a0e881-5c42-72a5-9fa9-4eaf3119e9f7,1.0,0.0
750,196,10,1,3.134,0,0,0,0,0,0,0,0,0,0,0,0,0,GPU,01a0e881-5c42-72a5-9fa9-4eaf3119e9f7,1.0,0.0
750,196,10,2,3.098,0,0,0,0,0,0,0,0,0,0,0,0,0,GPU,01a0e881-5c42-72a5-9fa9-4eaf3119e9f7,1.0,0.0
750,196,11,1,0.473,0,0,0,0,0,0,0,0,0,0,0,0,0,GPU,01a0e881-5c42-72a5-9fa9-4eaf3119e9f7,1.0,0.0
750,196,11,2,0.439,0,0,0,0,0,0,0,0,0,0,0,0,0,GPU,01a0e881-5c42-72a5-9fa9-4eaf3119e9f7,1.0,0.0
750,196,12,1,1.908,0,0,0,0,0,0,0,0,0,0,0,0,0,GPU,01a0e881-5c42-72a5-9fa9-4eaf3119e9f7,1.0,0.0
750,196,12,2,1.916,0,0,0,0,0,0,0,0,0,0,0,0,0,GPU,01a0e881-5c42-72a5-9fa9-4eaf3119e9f7,1.0,0.0
750,196,13,1,1.578,1,450002520,0,0,0,0,0,0,1,0,1,0,0,HOST,01a0e881-5c42-72a5-9fa9-4eaf3119e9f7,1.0,0.0
750,196,13,2,1.574,1,450002520,0,0,0,0,0,0,1,0,1,0,0,HOST,01a0e881-5c42-72a5-9fa9-4eaf3119e9f7,1.0,0.0
750,196,14,1,2.364,0,0,0,0,0,0,0,0,0,0,0,0,0,GPU,01a0e881-5c42-72a5-9fa9-4eaf3119e9f7,1.0,0.0
750,196,14,2,2.37,0,0,0,0,0,0,0,0,0,0,0,0,0,GPU,01a0e881-5c42-72a5-9fa9-4eaf3119e9f7,1.0,0.0
750,196,15,1,2.106,0,0,0,0,0,0,0,0,0,0,0,0,0,GPU,01a0e881-5c42-72a5-9fa9-4eaf3119e9f7,1.0,0.0
750,196,15,2,2.037,0,0,0,0,0,0,0,0,0,0,0,0,0,GPU,01a0e881-5c42-72a5-9fa9-4eaf3119e9f7,1.0,0.0
750,196,16,1,0.387,0,0,0,0,0,0,0,0,0,0,0,0,0,GPU,01a0e881-5c42-72a5-9fa9-4eaf3119e9f7,1.0,0.0
750,196,16,2,0.362,0,0,0,0,0,0,0,0,0,0,0,0,0,GPU,01a0e881-5c42-72a5-9fa9-4eaf3119e9f7,1.0,0.0
750,196,17,1,2.973,0,0,0,0,0,0,0,0,0,0,0,0,0,GPU,01a0e881-5c42-72a5-9fa9-4eaf3119e9f7,1.0,0.0
750,196,17,2,2.984,0,0,0,0,0,0,0,0,0,0,0,0,0,GPU,01a0e881-5c42-72a5-9fa9-4eaf3119e9f7,1.0,0.0
750,196,18,1,2.232,0,0,0,0,0,0,0,0,0,0,0,0,0,GPU,01a0e881-5c42-72a5-9fa9-4eaf3119e9f7,1.0,0.0
750,196,18,2,2.149,0,0,0,0,0,0,0,0,0,0,0,0,0,GPU,01a0e881-5c42-72a5-9fa9-4eaf3119e9f7,1.0,0.0
750,196,19,1,2.793,0,0,0,0,0,0,0,0,0,0,0,0,0,GPU,01a0e881-5c42-72a5-9fa9-4eaf3119e9f7,1.0,0.0
750,196,19,2,2.805,0,0,0,0,0,0,0,0,0,0,0,0,0,GPU,01a0e881-5c42-72a5-9fa9-4eaf3119e9f7,1.0,0.0
750,196,20,1,2.64,0,0,0,0,0,0,0,0,0,0,0,0,0,GPU,01a0e881-5c42-72a5-9fa9-4eaf3119e9f7,1.0,0.0
750,196,20,2,2.625,0,0,0,0,0,0,0,0,0,0,0,0,0,GPU,01a0e881-5c42-72a5-9fa9-4eaf3119e9f7,1.0,0.0
750,196,21,1,4.58,0,0,0,0,0,0,0,0,0,0,0,0,0,GPU,01a0e881-5c42-72a5-9fa9-4eaf3119e9f7,1.0,0.0
750,196,21,2,4.582,0,0,0,0,0,0,0,0,0,0,0,0,0,GPU,01a0e881-5c42-72a5-9fa9-4eaf3119e9f7,1.0,0.0
750,196,22,1,0.507,0,0,0,0,0,0,0,0,0,0,0,0,0,GPU,01a0e881-5c42-72a5-9fa9-4eaf3119e9f7,1.0,0.0
750,196,22,2,0.509,0,0,0,0,0,0,0,0,0,0,0,0,0,GPU,01a0e881-5c42-72a5-9fa9-4eaf3119e9f7,1.0,0.0
750,8,1,1,3.376,0,0,0,0,0,0,0,0,0,0,0,0,0,GPU,01a0e887-9722-7124-9ab7-e0dcdb04d14e,1.0104759054175396,0.0349999999999997
750,8,1,2,3.29,0,0,0,0,0,0,0,0,0,0,0,0,0,GPU,01a0e887-9722-7124-9ab7-e0dcdb04d14e,1.0036607687614398,0.01200000000000001
750,8,2,1,0.451,0,0,0,0,0,0,0,0,0,0,0,0,0,GPU,01a0e887-9722-7124-9ab7-e0dcdb04d14e,0.9636752136752137,-0.017000000000000015
750,8,2,2,0.439,0,0,0,0,0,0,0,0,0,0,0,0,0,GPU,01a0e887-9722-7124-9ab7-e0dcdb04d14e,1.0022831050228311,0.0010000000000000009
750,8,3,1,7.413,197,34377359392,123,21014400000,34,7789424840,157,28803824840,29,60,197,157,28803824840,DISK,01a0e887-9722-7124-9ab7-e0dcdb04d14e,1.7537260468417317,3.186
750,8,3,2,6.947,188,32935691100,111,18974990844,34,8165365268,145,27140356112,31,56,188,145,27140356112,DISK,01a0e887-9722-7124-9ab7-e0dcdb04d14e,2.0874399038461537,3.619
750,8,4,1,1.251,0,0,0,0,0,0,0,0,0,0,0,0,0,GPU,01a0e887-9722-7124-9ab7-e0dcdb04d14e,1.0425,0.050999999999999934
750,8,4,2,1.204,0,0,0,0,0,0,0,0,0,0,0,0,0,GPU,01a0e887-9722-7124-9ab7-e0dcdb04d14e,1.010915197313182,0.0129999999999999
750,8,5,1,27.091,246,119370273412,219,105148532364,87,54947115160,306,160095647524,22,210,246,306,160095647524,DISK,01a0e887-9722-7124-9ab7-e0dcdb04d14e,3.8884742356825037,20.124000000000002
750,8,5,2,22.375,181,94171716312,157,81671074832,71,48774453820,228,130445528652,17,172,181,228,130445528652,DISK,01a0e887-9722-7124-9ab7-e0dcdb04d14e,4.774861288945796,17.689
750,8,6,1,1.603,0,0,0,0,0,0,0,0,0,0,0,0,0,GPU,01a0e887-9722-7124-9ab7-e0dcdb04d14e,0.9396248534583822,-0.10299999999999998
750,8,6,2,1.58,0,0,0,0,0,0,0,0,0,0,0,0,0,GPU,01a0e887-9722-7124-9ab7-e0dcdb04d14e,0.8462774504552759,-0.2869999999999999
750,8,7,1,2.446,0,0,0,0,0,0,0,0,0,0,0,0,0,GPU,01a0e887-9722-7124-9ab7-e0dcdb04d14e,0.9099702380952381,-0.242
750,8,7,2,2.434,0,0,0,0,0,0,0,0,0,0,0,0,0,GPU,01a0e887-9722-7124-9ab7-e0dcdb04d14e,0.9233687405159332,-0.20199999999999996
750,8,8,1,3.195,0,0,0,0,0,0,0,0,0,0,0,0,0,GPU,01a0e887-9722-7124-9ab7-e0dcdb04d14e,1.0155753337571518,0.04899999999999993
750,8,8,2,3.115,0,0,0,0,0,0,0,0,0,0,0,0,0,GPU,01a0e887-9722-7124-9ab7-e0dcdb04d14e,0.9917223814071953,-0.0259999999999998
750,8,9,1,4.49,17,3548731876,0,0,0,0,0,0,17,0,17,0,0,HOST,01a0e887-9722-7124-9ab7-e0dcdb04d14e,1.0022321428571428,0.009999999999999787
750,8,9,2,4.479,59,7475078796,0,0,0,0,0,0,30,0,48,0,0,HOST,01a0e887-9722-7124-9ab7-e0dcdb04d14e,0.993566992014197,-0.028999999999999915
750,8,10,1,3.044,0,0,0,0,0,0,0,0,0,0,0,0,0,GPU,01a0e887-9722-7124-9ab7-e0dcdb04d14e,0.971282705807275,-0.08999999999999986
750,8,10,2,3.107,0,0,0,0,0,0,0,0,0,0,0,0,0,GPU,01a0e887-9722-7124-9ab7-e0dcdb04d14e,1.002905100064558,0.009000000000000341
750,8,11,1,0.444,0,0,0,0,0,0,0,0,0,0,0,0,0,GPU,01a0e887-9722-7124-9ab7-e0dcdb04d14e,0.9386892177589853,-0.02899999999999997
750,8,11,2,0.461,0,0,0,0,0,0,0,0,0,0,0,0,0,GPU,01a0e887-9722-7124-9ab7-e0dcdb04d14e,1.0501138952164009,0.02200000000000002
750,8,12,1,1.934,0,0,0,0,0,0,0,0,0,0,0,0,0,GPU,01a0e887-9722-7124-9ab7-e0dcdb04d14e,1.0136268343815513,0.026000000000000023
750,8,12,2,1.922,0,0,0,0,0,0,0,0,0,0,0,0,0,GPU,01a0e887-9722-7124-9ab7-e0dcdb04d14e,1.0031315240083507,0.006000000000000005
750,8,13,1,1.594,40,2258102088,0,0,0,0,0,0,2,0,40,0,0,HOST,01a0e887-9722-7124-9ab7-e0dcdb04d14e,1.0101394169835234,0.016000000000000014
750,8,13,2,1.569,1,450002520,0,0,0,0,0,0,1,0,1,0,0,HOST,01a0e887-9722-7124-9ab7-e0dcdb04d14e,0.996823379923761,-0.0050000000000001155
750,8,14,1,2.348,0,0,0,0,0,0,0,0,0,0,0,0,0,GPU,01a0e887-9722-7124-9ab7-e0dcdb04d14e,0.9932318104906938,-0.016000000000000014
750,8,14,2,2.355,0,0,0,0,0,0,0,0,0,0,0,0,0,GPU,01a0e887-9722-7124-9ab7-e0dcdb04d14e,0.9936708860759493,-0.015000000000000124
750,8,15,1,1.928,0,0,0,0,0,0,0,0,0,0,0,0,0,GPU,01a0e887-9722-7124-9ab7-e0dcdb04d14e,0.9154795821462488,-0.17799999999999994
750,8,15,2,2.033,0,0,0,0,0,0,0,0,0,0,0,0,0,GPU,01a0e887-9722-7124-9ab7-e0dcdb04d14e,0.9980363279332352,-0.0040000000000000036
750,8,16,1,0.38,0,0,0,0,0,0,0,0,0,0,0,0,0,GPU,01a0e887-9722-7124-9ab7-e0dcdb04d14e,0.9819121447028424,-0.007000000000000006
750,8,16,2,0.372,0,0,0,0,0,0,0,0,0,0,0,0,0,GPU,01a0e887-9722-7124-9ab7-e0dcdb04d14e,1.0276243093922652,0.010000000000000009
750,8,17,1,2.972,0,0,0,0,0,0,0,0,0,0,0,0,0,GPU,01a0e887-9722-7124-9ab7-e0dcdb04d14e,0.9996636394214599,-0.0009999999999998899
750,8,17,2,2.957,0,0,0,0,0,0,0,0,0,0,0,0,0,GPU,01a0e887-9722-7124-9ab7-e0dcdb04d14e,0.9909517426273458,-0.027000000000000135
750,8,18,1,2.22,0,0,0,0,0,0,0,0,0,0,0,0,0,GPU,01a0e887-9722-7124-9ab7-e0dcdb04d14e,0.9946236559139785,-0.01200000000000001
750,8,18,2,2.187,0,0,0,0,0,0,0,0,0,0,0,0,0,GPU,01a0e887-9722-7124-9ab7-e0dcdb04d14e,1.0176826430898092,0.03799999999999981
750,8,19,1,2.82,0,0,0,0,0,0,0,0,0,0,0,0,0,GPU,01a0e887-9722-7124-9ab7-e0dcdb04d14e,1.0096670247046187,0.02699999999999969
750,8,19,2,2.805,0,0,0,0,0,0,0,0,0,0,0,0,0,GPU,01a0e887-9722-7124-9ab7-e0dcdb04d14e,1.0,0.0
750,8,20,1,2.627,0,0,0,0,0,0,0,0,0,0,0,0,0,GPU,01a0e887-9722-7124-9ab7-e0dcdb04d14e,0.9950757575757574,-0.013000000000000345
750,8,20,2,2.604,0,0,0,0,0,0,0,0,0,0,0,0,0,GPU,01a0e887-9722-7124-9ab7-e0dcdb04d14e,0.992,-0.020999999999999908
750,8,21,1,4.637,0,0,0,0,0,0,0,0,0,0,0,0,0,GPU,01a0e887-9722-7124-9ab7-e0dcdb04d14e,1.0124454148471616,0.056999999999999496
750,8,21,2,4.532,0,0,0,0,0,0,0,0,0,0,0,0,0,GPU,01a0e887-9722-7124-9ab7-e0dcdb04d14e,0.9890877346137058,-0.04999999999999982
750,8,22,1,0.514,0,0,0,0,0,0,0,0,0,0,0,0,0,GPU,01a0e887-9722-7124-9ab7-e0dcdb04d14e,1.0138067061143985,0.007000000000000006
750,8,22,2,0.515,0,0,0,0,0,0,0,0,0,0,0,0,0,GPU,01a0e887-9722-7124-9ab7-e0dcdb04d14e,1.0117878192534382,0.006000000000000005
750,1,1,1,3.348,0,0,0,0,0,0,0,0,0,0,0,0,0,GPU,01a0e88f-dcd8-77ea-ae56-944184bb9c2f,1.002095181083508,0.006999999999999673
750,1,1,2,3.278,0,0,0,0,0,0,0,0,0,0,0,0,0,GPU,01a0e88f-dcd8-77ea-ae56-944184bb9c2f,1.0,0.0
750,1,2,1,0.457,0,0,0,0,0,0,0,0,0,0,0,0,0,GPU,01a0e88f-dcd8-77ea-ae56-944184bb9c2f,0.9764957264957265,-0.01100000000000001
750,1,2,2,0.447,0,0,0,0,0,0,0,0,0,0,0,0,0,GPU,01a0e88f-dcd8-77ea-ae56-944184bb9c2f,1.0205479452054795,0.009000000000000008
750,1,3,1,7.531,16,2268821688,6,673655160,65,21747623664,71,22421278824,6,63,16,71,22421278824,DISK,01a0e88f-dcd8-77ea-ae56-944184bb9c2f,1.7816418263543883,3.3039999999999994
750,1,3,2,7.813,19,2624131272,11,1192494088,71,22457201192,82,23649695280,5,63,19,82,23649695280,DISK,01a0e88f-dcd8-77ea-ae56-944184bb9c2f,2.34765625,4.484999999999999
750,1,4,1,1.229,0,0,0,0,0,0,0,0,0,0,0,0,0,GPU,01a0e88f-dcd8-77ea-ae56-944184bb9c2f,1.024166666666667,0.029000000000000137
750,1,4,2,1.193,0,0,0,0,0,0,0,0,0,0,0,0,0,GPU,01a0e88f-dcd8-77ea-ae56-944184bb9c2f,1.0016792611251049,0.0020000000000000018
750,1,5,1,27.45,3,885173508,0,0,163,109002252464,163,109002252464,3,140,3,163,109002252464,DISK,01a0e88f-dcd8-77ea-ae56-944184bb9c2f,3.9400028706760444,20.483
750,1,5,2,25.687,3,885173508,0,0,147,102802508656,147,102802508656,3,132,3,147,102802508656,DISK,01a0e88f-dcd8-77ea-ae56-944184bb9c2f,5.4816474605207,21.001
750,1,6,1,1.597,0,0,0,0,0,0,0,0,0,0,0,0,0,GPU,01a0e88f-dcd8-77ea-ae56-944184bb9c2f,0.9361078546307151,-0.10899999999999999
750,1,6,2,1.563,0,0,0,0,0,0,0,0,0,0,0,0,0,GPU,01a0e88f-dcd8-77ea-ae56-944184bb9c2f,0.8371719335832887,-0.30400000000000005
750,1,7,1,2.427,0,0,0,0,0,0,0,0,0,0,0,0,0,GPU,01a0e88f-dcd8-77ea-ae56-944184bb9c2f,0.9029017857142857,-0.2610000000000001
750,1,7,2,2.43,0,0,0,0,0,0,0,0,0,0,0,0,0,GPU,01a0e88f-dcd8-77ea-ae56-944184bb9c2f,0.9218512898330804,-0.20599999999999996
750,1,8,1,3.191,0,0,0,0,0,0,0,0,0,0,0,0,0,GPU,01a0e88f-dcd8-77ea-ae56-944184bb9c2f,1.0143038779402416,0.04499999999999993
750,1,8,2,3.172,0,0,0,0,0,0,0,0,0,0,0,0,0,GPU,01a0e88f-dcd8-77ea-ae56-944184bb9c2f,1.0098694683221905,0.03100000000000014
750,1,9,1,5.313,9,1073931060,5,208159196,8,3181050652,13,3389209848,4,6,9,13,3389209848,DISK,01a0e88f-dcd8-77ea-ae56-944184bb9c2f,1.1859374999999999,0.8329999999999993
750,1,9,2,4.755,23,3107632728,4,874638928,4,874912904,8,1749551832,17,4,23,8,1749551832,DISK,01a0e88f-dcd8-77ea-ae56-944184bb9c2f,1.0547914818101154,0.2469999999999999
750,1,10,1,3.073,0,0,0,0,0,0,0,0,0,0,0,0,0,GPU,01a0e88f-dcd8-77ea-ae56-944184bb9c2f,0.9805360561582642,-0.06099999999999994
750,1,10,2,3.165,0,0,0,0,0,0,0,0,0,0,0,0,0,GPU,01a0e88f-dcd8-77ea-ae56-944184bb9c2f,1.0216268560361523,0.06700000000000017
750,1,11,1,0.457,0,0,0,0,0,0,0,0,0,0,0,0,0,GPU,01a0e88f-dcd8-77ea-ae56-944184bb9c2f,0.9661733615221988,-0.01599999999999996
750,1,11,2,0.469,0,0,0,0,0,0,0,0,0,0,0,0,0,GPU,01a0e88f-dcd8-77ea-ae56-944184bb9c2f,1.0683371298405466,0.02999999999999997
750,1,12,1,1.911,0,0,0,0,0,0,0,0,0,0,0,0,0,GPU,01a0e88f-dcd8-77ea-ae56-944184bb9c2f,1.0015723270440253,0.0030000000000001137
750,1,12,2,1.902,0,0,0,0,0,0,0,0,0,0,0,0,0,GPU,01a0e88f-dcd8-77ea-ae56-944184bb9c2f,0.9926931106471816,-0.014000000000000012
750,1,13,1,1.592,1,450002520,0,0,0,0,0,0,1,0,1,0,0,HOST,01a0e88f-dcd8-77ea-ae56-944184bb9c2f,1.0088719898605831,0.014000000000000012
750,1,13,2,1.571,1,450002520,0,0,0,0,0,0,1,0,1,0,0,HOST,01a0e88f-dcd8-77ea-ae56-944184bb9c2f,0.9980940279542566,-0.0030000000000001137
750,1,14,1,2.337,0,0,0,0,0,0,0,0,0,0,0,0,0,GPU,01a0e88f-dcd8-77ea-ae56-944184bb9c2f,0.9885786802030458,-0.02699999999999969
750,1,14,2,2.373,0,0,0,0,0,0,0,0,0,0,0,0,0,GPU,01a0e88f-dcd8-77ea-ae56-944184bb9c2f,1.0012658227848101,0.0030000000000001137
750,1,15,1,2.159,0,0,0,0,0,0,0,0,0,0,0,0,0,GPU,01a0e88f-dcd8-77ea-ae56-944184bb9c2f,1.0251661918328585,0.052999999999999936
750,1,15,2,2.021,0,0,0,0,0,0,0,0,0,0,0,0,0,GPU,01a0e88f-dcd8-77ea-ae56-944184bb9c2f,0.9921453117329406,-0.016000000000000014
750,1,16,1,0.379,0,0,0,0,0,0,0,0,0,0,0,0,0,GPU,01a0e88f-dcd8-77ea-ae56-944184bb9c2f,0.979328165374677,-0.008000000000000007
750,1,16,2,0.362,0,0,0,0,0,0,0,0,0,0,0,0,0,GPU,01a0e88f-dcd8-77ea-ae56-944184bb9c2f,1.0,0.0
750,1,17,1,2.95,0,0,0,0,0,0,0,0,0,0,0,0,0,GPU,01a0e88f-dcd8-77ea-ae56-944184bb9c2f,0.9922637066935757,-0.022999999999999687
750,1,17,2,2.968,0,0,0,0,0,0,0,0,0,0,0,0,0,GPU,01a0e88f-dcd8-77ea-ae56-944184bb9c2f,0.9946380697050938,-0.016000000000000014
750,1,18,1,2.243,0,0,0,0,0,0,0,0,0,0,0,0,0,GPU,01a0e88f-dcd8-77ea-ae56-944184bb9c2f,1.0049283154121862,0.010999999999999677
750,1,18,2,2.19,0,0,0,0,0,0,0,0,0,0,0,0,0,GPU,01a0e88f-dcd8-77ea-ae56-944184bb9c2f,1.0190786412284782,0.040999999999999925
750,1,19,1,2.818,0,0,0,0,0,0,0,0,0,0,0,0,0,GPU,01a0e88f-dcd8-77ea-ae56-944184bb9c2f,1.0089509488005728,0.02499999999999991
750,1,19,2,2.818,0,0,0,0,0,0,0,0,0,0,0,0,0,GPU,01a0e88f-dcd8-77ea-ae56-944184bb9c2f,1.0046345811051693,0.0129999999999999
750,1,20,1,2.628,0,0,0,0,0,0,0,0,0,0,0,0,0,GPU,01a0e88f-dcd8-77ea-ae56-944184bb9c2f,0.9954545454545455,-0.01200000000000001
750,1,20,2,2.63,0,0,0,0,0,0,0,0,0,0,0,0,0,GPU,01a0e88f-dcd8-77ea-ae56-944184bb9c2f,1.0019047619047619,0.004999999999999893
750,1,21,1,4.537,0,0,0,0,0,0,0,0,0,0,0,0,0,GPU,01a0e88f-dcd8-77ea-ae56-944184bb9c2f,0.9906113537117903,-0.04300000000000015
750,1,21,2,4.629,0,0,0,0,0,0,0,0,0,0,0,0,0,GPU,01a0e88f-dcd8-77ea-ae56-944184bb9c2f,1.0102575294631164,0.04699999999999971
750,1,22,1,0.513,0,0,0,0,0,0,0,0,0,0,0,0,0,GPU,01a0e88f-dcd8-77ea-ae56-944184bb9c2f,1.0118343195266273,0.006000000000000005
750,1,22,2,0.506,0,0,0,0,0,0,0,0,0,0,0,0,0,GPU,01a0e88f-dcd8-77ea-ae56-944184bb9c2f,0.9941060903732809,-0.0030000000000000027
1000,196,1,1,4.524,0,0,0,0,0,0,0,0,0,0,0,0,0,GPU,01a0e883-0a81-70a5-b19f-960d8e1b8dae,1.0,0.0
1000,196,1,2,4.43,0,0,0,0,0,0,0,0,0,0,0,0,0,GPU,01a0e883-0a81-70a5-b19f-960d8e1b8dae,1.0,0.0
1000,196,2,1,0.566,0,0,0,0,0,0,0,0,0,0,0,0,0,GPU,01a0e883-0a81-70a5-b19f-960d8e1b8dae,1.0,0.0
1000,196,2,2,0.562,0,0,0,0,0,0,0,0,0,0,0,0,0,GPU,01a0e883-0a81-70a5-b19f-960d8e1b8dae,1.0,0.0
1000,196,3,1,6.367,568,83326548096,0,0,0,0,0,0,167,0,568,0,0,HOST,01a0e883-0a81-70a5-b19f-960d8e1b8dae,1.0,0.0
1000,196,3,2,4.747,565,83062536720,0,0,0,0,0,0,168,0,565,0,0,HOST,01a0e883-0a81-70a5-b19f-960d8e1b8dae,1.0,0.0
1000,196,4,1,1.594,0,0,0,0,0,0,0,0,0,0,0,0,0,GPU,01a0e883-0a81-70a5-b19f-960d8e1b8dae,1.0,0.0
1000,196,4,2,1.593,0,0,0,0,0,0,0,0,0,0,0,0,0,GPU,01a0e883-0a81-70a5-b19f-960d8e1b8dae,1.0,0.0
1000,196,5,1,10.254,510,265552927728,0,0,0,0,0,0,343,0,510,0,0,HOST,01a0e883-0a81-70a5-b19f-960d8e1b8dae,1.0,0.0
1000,196,5,2,6.345,509,265035718856,0,0,0,0,0,0,342,0,509,0,0,HOST,01a0e883-0a81-70a5-b19f-960d8e1b8dae,1.0,0.0
1000,196,6,1,2.137,0,0,0,0,0,0,0,0,0,0,0,0,0,GPU,01a0e883-0a81-70a5-b19f-960d8e1b8dae,1.0,0.0
1000,196,6,2,2.131,0,0,0,0,0,0,0,0,0,0,0,0,0,GPU,01a0e883-0a81-70a5-b19f-960d8e1b8dae,1.0,0.0
1000,196,7,1,3.278,0,0,0,0,0,0,0,0,0,0,0,0,0,GPU,01a0e883-0a81-70a5-b19f-960d8e1b8dae,1.0,0.0
1000,196,7,2,3.292,0,0,0,0,0,0,0,0,0,0,0,0,0,GPU,01a0e883-0a81-70a5-b19f-960d8e1b8dae,1.0,0.0
1000,196,8,1,4.276,0,0,0,0,0,0,0,0,0,0,0,0,0,GPU,01a0e883-0a81-70a5-b19f-960d8e1b8dae,1.0,0.0
1000,196,8,2,4.335,0,0,0,0,0,0,0,0,0,0,0,0,0,GPU,01a0e883-0a81-70a5-b19f-960d8e1b8dae,1.0,0.0
1000,196,9,1,7.419,255,33414855044,0,0,0,0,0,0,119,0,210,0,0,HOST,01a0e883-0a81-70a5-b19f-960d8e1b8dae,1.0,0.0
1000,196,9,2,7.137,176,24600314080,0,0,0,0,0,0,105,0,150,0,0,HOST,01a0e883-0a81-70a5-b19f-960d8e1b8dae,1.0,0.0
1000,196,10,1,4.167,0,0,0,0,0,0,0,0,0,0,0,0,0,GPU,01a0e883-0a81-70a5-b19f-960d8e1b8dae,1.0,0.0
1000,196,10,2,4.17,0,0,0,0,0,0,0,0,0,0,0,0,0,GPU,01a0e883-0a81-70a5-b19f-960d8e1b8dae,1.0,0.0
1000,196,11,1,0.583,0,0,0,0,0,0,0,0,0,0,0,0,0,GPU,01a0e883-0a81-70a5-b19f-960d8e1b8dae,1.0,0.0
1000,196,11,2,0.578,0,0,0,0,0,0,0,0,0,0,0,0,0,GPU,01a0e883-0a81-70a5-b19f-960d8e1b8dae,1.0,0.0
1000,196,12,1,2.58,0,0,0,0,0,0,0,0,0,0,0,0,0,GPU,01a0e883-0a81-70a5-b19f-960d8e1b8dae,1.0,0.0
1000,196,12,2,2.576,0,0,0,0,0,0,0,0,0,0,0,0,0,GPU,01a0e883-0a81-70a5-b19f-960d8e1b8dae,1.0,0.0
1000,196,13,1,2.142,153,5767864672,0,0,0,0,0,0,3,0,153,0,0,HOST,01a0e883-0a81-70a5-b19f-960d8e1b8dae,1.0,0.0
1000,196,13,2,2.129,128,4900792408,0,0,0,0,0,0,2,0,128,0,0,HOST,01a0e883-0a81-70a5-b19f-960d8e1b8dae,1.0,0.0
1000,196,14,1,3.121,0,0,0,0,0,0,0,0,0,0,0,0,0,GPU,01a0e883-0a81-70a5-b19f-960d8e1b8dae,1.0,0.0
1000,196,14,2,3.104,0,0,0,0,0,0,0,0,0,0,0,0,0,GPU,01a0e883-0a81-70a5-b19f-960d8e1b8dae,1.0,0.0
1000,196,15,1,2.85,0,0,0,0,0,0,0,0,0,0,0,0,0,GPU,01a0e883-0a81-70a5-b19f-960d8e1b8dae,1.0,0.0
1000,196,15,2,2.812,0,0,0,0,0,0,0,0,0,0,0,0,0,GPU,01a0e883-0a81-70a5-b19f-960d8e1b8dae,1.0,0.0
1000,196,16,1,0.505,0,0,0,0,0,0,0,0,0,0,0,0,0,GPU,01a0e883-0a81-70a5-b19f-960d8e1b8dae,1.0,0.0
1000,196,16,2,0.478,0,0,0,0,0,0,0,0,0,0,0,0,0,GPU,01a0e883-0a81-70a5-b19f-960d8e1b8dae,1.0,0.0
1000,196,17,1,4.097,0,0,0,0,0,0,0,0,0,0,0,0,0,GPU,01a0e883-0a81-70a5-b19f-960d8e1b8dae,1.0,0.0
1000,196,17,2,4.102,0,0,0,0,0,0,0,0,0,0,0,0,0,GPU,01a0e883-0a81-70a5-b19f-960d8e1b8dae,1.0,0.0
1000,196,18,1,3.163,200,2743080288,0,0,0,0,0,0,7,0,200,0,0,HOST,01a0e883-0a81-70a5-b19f-960d8e1b8dae,1.0,0.0
1000,196,18,2,3.099,200,2742976208,0,0,0,0,0,0,7,0,200,0,0,HOST,01a0e883-0a81-70a5-b19f-960d8e1b8dae,1.0,0.0
1000,196,19,1,3.857,0,0,0,0,0,0,0,0,0,0,0,0,0,GPU,01a0e883-0a81-70a5-b19f-960d8e1b8dae,1.0,0.0
1000,196,19,2,3.875,0,0,0,0,0,0,0,0,0,0,0,0,0,GPU,01a0e883-0a81-70a5-b19f-960d8e1b8dae,1.0,0.0
1000,196,20,1,3.56,0,0,0,0,0,0,0,0,0,0,0,0,0,GPU,01a0e883-0a81-70a5-b19f-960d8e1b8dae,1.0,0.0
1000,196,20,2,3.521,0,0,0,0,0,0,0,0,0,0,0,0,0,GPU,01a0e883-0a81-70a5-b19f-960d8e1b8dae,1.0,0.0
1000,196,21,1,8.769,227,94793984000,0,0,0,0,0,0,147,0,227,0,0,HOST,01a0e883-0a81-70a5-b19f-960d8e1b8dae,1.0,0.0
1000,196,21,2,8.796,234,94268718120,0,0,0,0,0,0,148,0,234,0,0,HOST,01a0e883-0a81-70a5-b19f-960d8e1b8dae,1.0,0.0
1000,196,22,1,0.641,0,0,0,0,0,0,0,0,0,0,0,0,0,GPU,01a0e883-0a81-70a5-b19f-960d8e1b8dae,1.0,0.0
1000,196,22,2,0.676,0,0,0,0,0,0,0,0,0,0,0,0,0,GPU,01a0e883-0a81-70a5-b19f-960d8e1b8dae,1.0,0.0
1000,8,1,1,4.527,0,0,0,0,0,0,0,0,0,0,0,0,0,GPU,01a0e889-ecce-70fd-aa85-b1c8567e103b,1.0006631299734747,0.0030000000000001137
1000,8,1,2,4.471,0,0,0,0,0,0,0,0,0,0,0,0,0,GPU,01a0e889-ecce-70fd-aa85-b1c8567e103b,1.009255079006772,0.04100000000000037
1000,8,2,1,0.577,0,0,0,0,0,0,0,0,0,0,0,0,0,GPU,01a0e889-ecce-70fd-aa85-b1c8567e103b,1.019434628975265,0.01100000000000001
1000,8,2,2,0.555,0,0,0,0,0,0,0,0,0,0,0,0,0,GPU,01a0e889-ecce-70fd-aa85-b1c8567e103b,0.9875444839857651,-0.007000000000000006
1000,8,3,1,12.646,375,54853167068,274,40176952108,82,17911869980,356,58088822088,35,124,375,356,58088822088,DISK,01a0e889-ecce-70fd-aa85-b1c8567e103b,1.9861787340976913,6.279000000000001
1000,8,3,2,12.279,402,57684272040,303,43460489104,63,16122476296,366,59582965400,33,130,402,366,59582965400,DISK,01a0e889-ecce-70fd-aa85-b1c8567e103b,2.5866863282072887,7.532
1000,8,4,1,1.62,0,0,0,0,0,0,0,0,0,0,0,0,0,GPU,01a0e889-ecce-70fd-aa85-b1c8567e103b,1.0163111668757843,0.026000000000000023
1000,8,4,2,1.624,0,0,0,0,0,0,0,0,0,0,0,0,0,GPU,01a0e889-ecce-70fd-aa85-b1c8567e103b,1.0194601381042059,0.03100000000000014
1000,8,5,1,39.673,379,181953396296,353,168339295288,109,74695516760,462,243034812048,19,315,379,462,243034812048,DISK,01a0e889-ecce-70fd-aa85-b1c8567e103b,3.869026721279501,29.419000000000004
1000,8,5,2,38.121,354,172272339200,327,158271056520,111,75469801480,438,233740858000,20,303,354,438,233740858000,DISK,01a0e889-ecce-70fd-aa85-b1c8567e103b,6.008037825059103,31.776000000000003
1000,8,6,1,2.225,0,0,0,0,0,0,0,0,0,0,0,0,0,GPU,01a0e889-ecce-70fd-aa85-b1c8567e103b,1.0411792232101076,0.08800000000000008
1000,8,6,2,2.122,0,0,0,0,0,0,0,0,0,0,0,0,0,GPU,01a0e889-ecce-70fd-aa85-b1c8567e103b,0.995776630689817,-0.008999999999999897
1000,8,7,1,3.29,0,0,0,0,0,0,0,0,0,0,0,0,0,GPU,01a0e889-ecce-70fd-aa85-b1c8567e103b,1.0036607687614398,0.01200000000000001
1000,8,7,2,3.297,0,0,0,0,0,0,0,0,0,0,0,0,0,GPU,01a0e889-ecce-70fd-aa85-b1c8567e103b,1.0015188335358445,0.0050000000000003375
1000,8,8,1,4.262,0,0,0,0,0,0,0,0,0,0,0,0,0,GPU,01a0e889-ecce-70fd-aa85-b1c8567e103b,0.9967259120673526,-0.014000000000000234
1000,8,8,2,4.264,0,0,0,0,0,0,0,0,0,0,0,0,0,GPU,01a0e889-ecce-70fd-aa85-b1c8567e103b,0.9836216839677048,-0.07099999999999973
1000,8,9,1,7.913,199,25571851360,13,9434811556,0,0,13,9434811556,83,13,170,13,9434811556,DISK,01a0e889-ecce-70fd-aa85-b1c8567e103b,1.0665857932335896,0.49400000000000066
1000,8,9,2,7.982,49,17399052324,12,8652025572,1,749525256,13,9401550828,25,13,49,13,9401550828,DISK,01a0e889-ecce-70fd-aa85-b1c8567e103b,1.1183970856102006,0.8450000000000006
1000,8,10,1,4.177,0,0,0,0,0,0,0,0,0,0,0,0,0,GPU,01a0e889-ecce-70fd-aa85-b1c8567e103b,1.0023998080153587,0.009999999999999787
1000,8,10,2,4.202,0,0,0,0,0,0,0,0,0,0,0,0,0,GPU,01a0e889-ecce-70fd-aa85-b1c8567e103b,1.007673860911271,0.03200000000000003
1000,8,11,1,0.591,0,0,0,0,0,0,0,0,0,0,0,0,0,GPU,01a0e889-ecce-70fd-aa85-b1c8567e103b,1.0137221269296741,0.008000000000000007
1000,8,11,2,0.555,0,0,0,0,0,0,0,0,0,0,0,0,0,GPU,01a0e889-ecce-70fd-aa85-b1c8567e103b,0.9602076124567476,-0.02299999999999991
1000,8,12,1,2.589,0,0,0,0,0,0,0,0,0,0,0,0,0,GPU,01a0e889-ecce-70fd-aa85-b1c8567e103b,1.0034883720930232,0.008999999999999897
1000,8,12,2,2.569,0,0,0,0,0,0,0,0,0,0,0,0,0,GPU,01a0e889-ecce-70fd-aa85-b1c8567e103b,0.9972826086956521,-0.007000000000000117
1000,8,13,1,2.13,128,4900792408,0,0,0,0,0,0,2,0,128,0,0,HOST,01a0e889-ecce-70fd-aa85-b1c8567e103b,0.9943977591036415,-0.01200000000000001
1000,8,13,2,2.125,128,4900792408,0,0,0,0,0,0,2,0,128,0,0,HOST,01a0e889-ecce-70fd-aa85-b1c8567e103b,0.9981211836542978,-0.0040000000000000036
1000,8,14,1,3.133,0,0,0,0,0,0,0,0,0,0,0,0,0,GPU,01a0e889-ecce-70fd-aa85-b1c8567e103b,1.0038449214995193,0.01200000000000001
1000,8,14,2,3.164,0,0,0,0,0,0,0,0,0,0,0,0,0,GPU,01a0e889-ecce-70fd-aa85-b1c8567e103b,1.0193298969072164,0.06000000000000005
1000,8,15,1,2.861,0,0,0,0,0,0,0,0,0,0,0,0,0,GPU,01a0e889-ecce-70fd-aa85-b1c8567e103b,1.0038596491228071,0.01100000000000012
1000,8,15,2,2.898,0,0,0,0,0,0,0,0,0,0,0,0,0,GPU,01a0e889-ecce-70fd-aa85-b1c8567e103b,1.0305832147937413,0.0860000000000003
1000,8,16,1,0.505,0,0,0,0,0,0,0,0,0,0,0,0,0,GPU,01a0e889-ecce-70fd-aa85-b1c8567e103b,1.0,0.0
1000,8,16,2,0.477,0,0,0,0,0,0,0,0,0,0,0,0,0,GPU,01a0e889-ecce-70fd-aa85-b1c8567e103b,0.997907949790795,-0.0010000000000000009
1000,8,17,1,4.106,0,0,0,0,0,0,0,0,0,0,0,0,0,GPU,01a0e889-ecce-70fd-aa85-b1c8567e103b,1.002196729314132,0.008999999999999453
1000,8,17,2,4.111,0,0,0,0,0,0,0,0,0,0,0,0,0,GPU,01a0e889-ecce-70fd-aa85-b1c8567e103b,1.0021940516821062,0.008999999999999453
1000,8,18,1,3.072,200,2743001064,0,0,0,0,0,0,7,0,200,0,0,HOST,01a0e889-ecce-70fd-aa85-b1c8567e103b,0.9712298450837813,-0.09099999999999975
1000,8,18,2,3.171,200,2742930432,0,0,0,0,0,0,7,0,200,0,0,HOST,01a0e889-ecce-70fd-aa85-b1c8567e103b,1.0232333010648595,0.07199999999999962
1000,8,19,1,3.893,0,0,0,0,0,0,0,0,0,0,0,0,0,GPU,01a0e889-ecce-70fd-aa85-b1c8567e103b,1.009333679025149,0.03599999999999959
1000,8,19,2,3.86,0,0,0,0,0,0,0,0,0,0,0,0,0,GPU,01a0e889-ecce-70fd-aa85-b1c8567e103b,0.9961290322580645,-0.015000000000000124
1000,8,20,1,3.56,0,0,0,0,0,0,0,0,0,0,0,0,0,GPU,01a0e889-ecce-70fd-aa85-b1c8567e103b,1.0,0.0
1000,8,20,2,3.557,0,0,0,0,0,0,0,0,0,0,0,0,0,GPU,01a0e889-ecce-70fd-aa85-b1c8567e103b,1.0102243680772507,0.03600000000000003
1000,8,21,1,16.621,175,65022539152,87,38174341252,39,21278034164,126,59452375416,51,88,175,126,59452375416,DISK,01a0e889-ecce-70fd-aa85-b1c8567e103b,1.8954270726422624,7.8519999999999985
1000,8,21,2,17.285,183,69128950588,90,42082040524,37,21063019352,127,63145059876,55,90,183,127,63145059876,DISK,01a0e889-ecce-70fd-aa85-b1c8567e103b,1.9650977717144158,8.489
1000,8,22,1,0.653,0,0,0,0,0,0,0,0,0,0,0,0,0,GPU,01a0e889-ecce-70fd-aa85-b1c8567e103b,1.0187207488299532,0.01200000000000001
1000,8,22,2,0.667,0,0,0,0,0,0,0,0,0,0,0,0,0,GPU,01a0e889-ecce-70fd-aa85-b1c8567e103b,0.9866863905325444,-0.009000000000000008
1000,1,1,1,4.49,0,0,0,0,0,0,0,0,0,0,0,0,0,GPU,01a0e892-49db-771e-8ead-37882b306079,0.9924845269672856,-0.03399999999999981
1000,1,1,2,4.472,0,0,0,0,0,0,0,0,0,0,0,0,0,GPU,01a0e892-49db-771e-8ead-37882b306079,1.0094808126410837,0.0420000000000007
1000,1,2,1,0.582,0,0,0,0,0,0,0,0,0,0,0,0,0,GPU,01a0e892-49db-771e-8ead-37882b306079,1.028268551236749,0.016000000000000014
1000,1,2,2,0.551,0,0,0,0,0,0,0,0,0,0,0,0,0,GPU,01a0e892-49db-771e-8ead-37882b306079,0.9804270462633452,-0.01100000000000001
1000,1,3,1,13.353,32,3363591096,22,1932425472,131,43094819152,153,45027244624,4,121,32,153,45027244624,DISK,01a0e892-49db-771e-8ead-37882b306079,2.097220040835558,6.986
1000,1,3,2,13.768,13,1781159116,11,1603413364,135,44261614892,146,45865028256,1,119,13,146,45865028256,DISK,01a0e892-49db-771e-8ead-37882b306079,2.900358120918475,9.021
1000,1,4,1,1.562,0,0,0,0,0,0,0,0,0,0,0,0,0,GPU,01a0e892-49db-771e-8ead-37882b306079,0.9799247176913425,-0.03200000000000003
1000,1,4,2,1.621,0,0,0,0,0,0,0,0,0,0,0,0,0,GPU,01a0e892-49db-771e-8ead-37882b306079,1.017576898932831,0.028000000000000025
1000,1,5,1,37.463,4,1644768264,0,0,215,150899073808,215,150899073808,4,195,4,215,150899073808,DISK,01a0e892-49db-771e-8ead-37882b306079,3.653501072752097,27.209000000000003
1000,1,5,2,39.281,2,631254288,0,0,235,158882269272,235,158882269272,2,203,2,235,158882269272,DISK,01a0e892-49db-771e-8ead-37882b306079,6.190858944050434,32.936
1000,1,6,1,2.14,0,0,0,0,0,0,0,0,0,0,0,0,0,GPU,01a0e892-49db-771e-8ead-37882b306079,1.0014038371548901,0.0030000000000001137
1000,1,6,2,2.112,0,0,0,0,0,0,0,0,0,0,0,0,0,GPU,01a0e892-49db-771e-8ead-37882b306079,0.9910839981229471,-0.018999999999999684
1000,1,7,1,3.25,0,0,0,0,0,0,0,0,0,0,0,0,0,GPU,01a0e892-49db-771e-8ead-37882b306079,0.9914582062233069,-0.028000000000000025
1000,1,7,2,3.271,0,0,0,0,0,0,0,0,0,0,0,0,0,GPU,01a0e892-49db-771e-8ead-37882b306079,0.9936208991494533,-0.020999999999999908
1000,1,8,1,4.263,0,0,0,0,0,0,0,0,0,0,0,0,0,GPU,01a0e892-49db-771e-8ead-37882b306079,0.9969597754911133,-0.0129999999999999
1000,1,8,2,4.342,0,0,0,0,0,0,0,0,0,0,0,0,0,GPU,01a0e892-49db-771e-8ead-37882b306079,1.0016147635524797,0.006999999999999673
1000,1,9,1,17.143,364,16056491308,278,12671958236,84,22097724848,362,34769683084,31,171,272,280,31210559396,DISK,01a0e892-49db-771e-8ead-37882b306079,2.310688772071708,9.724
1000,1,9,2,16.789,229,10567611764,148,7539887908,84,23692415144,232,31232303052,30,116,181,201,29886738252,DISK,01a0e892-49db-771e-8ead-37882b306079,2.3523889589463365,9.652000000000001
1000,1,10,1,4.178,0,0,0,0,0,0,0,0,0,0,0,0,0,GPU,01a0e892-49db-771e-8ead-37882b306079,1.0026397888168948,0.01100000000000012
1000,1,10,2,4.2,0,0,0,0,0,0,0,0,0,0,0,0,0,GPU,01a0e892-49db-771e-8ead-37882b306079,1.0071942446043165,0.03000000000000025
1000,1,11,1,0.606,0,0,0,0,0,0,0,0,0,0,0,0,0,GPU,01a0e892-49db-771e-8ead-37882b306079,1.0394511149228132,0.02300000000000002
1000,1,11,2,0.574,0,0,0,0,0,0,0,0,0,0,0,0,0,GPU,01a0e892-49db-771e-8ead-37882b306079,0.9930795847750865,-0.0040000000000000036
1000,1,12,1,2.599,0,0,0,0,0,0,0,0,0,0,0,0,0,GPU,01a0e892-49db-771e-8ead-37882b306079,1.0073643410852713,0.019000000000000128
1000,1,12,2,2.583,0,0,0,0,0,0,0,0,0,0,0,0,0,GPU,01a0e892-49db-771e-8ead-37882b306079,1.002717391304348,0.007000000000000117
1000,1,13,1,2.099,1,450031024,0,0,0,0,0,0,1,0,1,0,0,HOST,01a0e892-49db-771e-8ead-37882b306079,0.9799253034547154,-0.042999999999999705
1000,1,13,2,2.098,1,450031024,0,0,0,0,0,0,1,0,1,0,0,HOST,01a0e892-49db-771e-8ead-37882b306079,0.9854391733208078,-0.03100000000000014
1000,1,14,1,3.162,0,0,0,0,0,0,0,0,0,0,0,0,0,GPU,01a0e892-49db-771e-8ead-37882b306079,1.013136815123358,0.040999999999999925
1000,1,14,2,3.087,0,0,0,0,0,0,0,0,0,0,0,0,0,GPU,01a0e892-49db-771e-8ead-37882b306079,0.9945231958762887,-0.016999999999999904
1000,1,15,1,3.001,0,0,0,0,0,0,0,0,0,0,0,0,0,GPU,01a0e892-49db-771e-8ead-37882b306079,1.052982456140351,0.1509999999999998
1000,1,15,2,2.882,0,0,0,0,0,0,0,0,0,0,0,0,0,GPU,01a0e892-49db-771e-8ead-37882b306079,1.0248933143669987,0.07000000000000028
1000,1,16,1,0.504,0,0,0,0,0,0,0,0,0,0,0,0,0,GPU,01a0e892-49db-771e-8ead-37882b306079,0.998019801980198,-0.0010000000000000009
1000,1,16,2,0.476,0,0,0,0,0,0,0,0,0,0,0,0,0,GPU,01a0e892-49db-771e-8ead-37882b306079,0.99581589958159,-0.0020000000000000018
1000,1,17,1,4.093,0,0,0,0,0,0,0,0,0,0,0,0,0,GPU,01a0e892-49db-771e-8ead-37882b306079,0.9990236758603855,-0.004000000000000448
1000,1,17,2,4.112,0,0,0,0,0,0,0,0,0,0,0,0,0,GPU,01a0e892-49db-771e-8ead-37882b306079,1.0024378352023402,0.009999999999999787
1000,1,18,1,3.376,166,1944024360,123,800318432,34,799098368,157,1599416800,4,4,166,157,1599416800,DISK,01a0e892-49db-771e-8ead-37882b306079,1.0673411318368637,0.21300000000000008
1000,1,18,2,3.451,166,1943915496,123,800289760,34,799146976,157,1599436736,4,4,166,157,1599436736,DISK,01a0e892-49db-771e-8ead-37882b306079,1.1135850274282026,0.35199999999999987
1000,1,19,1,3.891,0,0,0,0,0,0,0,0,0,0,0,0,0,GPU,01a0e892-49db-771e-8ead-37882b306079,1.0088151413015296,0.03399999999999981
1000,1,19,2,3.882,0,0,0,0,0,0,0,0,0,0,0,0,0,GPU,01a0e892-49db-771e-8ead-37882b306079,1.0018064516129033,0.007000000000000117
1000,1,20,1,3.523,0,0,0,0,0,0,0,0,0,0,0,0,0,GPU,01a0e892-49db-771e-8ead-37882b306079,0.9896067415730337,-0.03699999999999992
1000,1,20,2,3.544,0,0,0,0,0,0,0,0,0,0,0,0,0,GPU,01a0e892-49db-771e-8ead-37882b306079,1.0065322351604657,0.02300000000000013
1000,1,21,1,26.048,9,2228342572,2,520426188,186,77859538880,188,78379965068,6,125,9,188,78379965068,DISK,01a0e892-49db-771e-8ead-37882b306079,2.9704641350210967,17.278999999999996
1000,1,21,2,23.302,15,3124432244,5,629471432,136,67608753908,141,68238225340,7,106,15,141,68238225340,DISK,01a0e892-49db-771e-8ead-37882b306079,2.6491587085038657,14.506
1000,1,22,1,0.643,0,0,0,0,0,0,0,0,0,0,0,0,0,GPU,01a0e892-49db-771e-8ead-37882b306079,1.0031201248049921,0.0020000000000000018
1000,1,22,2,0.67,0,0,0,0,0,0,0,0,0,0,0,0,0,GPU,01a0e892-49db-771e-8ead-37882b306079,0.9911242603550295,-0.006000000000000005
